VENDOR,SKU ID,BRAND NAME,Link to Photo,GENERIC NAME,EXPIRATION_DATE,CATEGORY,UNITS PER CASE,CASE QTY,TOTAL UNITS,LICENSE PLATE (PALLET),ITEM WEIGHT,ITEM CUBE,UNIT VALUE,EXT VALUE,EXT COST AND VALUE
DUKAL,DK-RTP27B,DAWN MIST - TOOTHPASTE ANTICAVITY FLUORIDE 2.75 OZ,,TOOTHPASTE - INDIVIDUALLY BOXED,3/15/2026,HYGIENE,1,630,630,P21196,0.22,0.01,$0.00 ,$0.00 ,$191.71 
KENVUE,JJ-8137117474,JOHNSON'S BEDTIME BATH SOAP,,BEDTIME BATH SOAP  13.6 OZ 400ML,3/15/2026,HYGIENE,24,5,120,P31999,24.8,0.86,$5.98 ,$717.60 ,$717.60 
HENRY SCHEIN,HS-570-1492,HENRY SCHEIN SCOPE CLEAN AND PREP KIT,,SCOPE CLEAN AND PREP KIT,3/15/2026,MED-CONSUMABLES,10,8,80,P32283,3.9,1.07,$94.99 ,"$7,599.20 ","$7,599.20 "
KENVUE,8137-2022-56,BAND-AID XL OURTONE FLEXIBLE FABRIC ADHESIVE BANDAGE,,XL FLEXIBLE FABRIC ADHESIVE BANDAGE,3/15/2026,MED-CONSUMABLES,24,84,"2,016",P33491,1.95,0.31,$5.27 ,"$10,624.32 ","$10,624.32 "
KENVUE,8137-2022-56,BAND-AID XL OURTONE FLEXIBLE FABRIC ADHESIVE BANDAGE,,XL FLEXIBLE FABRIC ADHESIVE BANDAGE,3/15/2026,MED-CONSUMABLES,24,54,"1,296",P33492,1.95,0.31,$5.27 ,"$6,829.92 ","$6,829.92 "
KENVUE,8137-2022-55,BAND-AID XL OURTONE FLEXIBLE FABRIC ADHESIVE BANDAGE,,XL FLEXIBLE FABRIC ADHESIVE BANDAGE,3/15/2026,MED-CONSUMABLES,24,119,"2,856",P33489,1.95,0.34,$5.27 ,"$15,051.12 ","$15,051.12 "
KENVUE,8137-2022-55,BAND-AID XL OURTONE FLEXIBLE FABRIC ADHESIVE BANDAGE,,XL FLEXIBLE FABRIC ADHESIVE BANDAGE,3/15/2026,MED-CONSUMABLES,24,4,96,P33490,1.95,0.34,$5.27 ,$505.92 ,$505.92 
HENRY SCHEIN,HS-5702228,ESSENTIALS LATEX GLOVE,,GLOVES EXAM POWDER-FREE VINYL X-LARGE BLUE,3/15/2026,MED-CONSUMABLES,"1,000",60,"60,000",P32202,14.45,0.69,$0.13 ,"$7,800.00 ","$7,800.00 "
HENRY SCHEIN,HS-5702228,ESSENTIALS LATEX GLOVE,,GLOVES EXAM POWDER-FREE VINYL X-LARGE BLUE,3/15/2026,MED-CONSUMABLES,"1,000",11,"11,000",P32203,14.45,0.69,$0.13 ,"$1,430.00 ","$1,430.00 "
HENRY SCHEIN,HS-5702228,ESSENTIALS LATEX GLOVE,,GLOVES EXAM POWDER-FREE VINYL X-LARGE BLUE,3/15/2026,MED-CONSUMABLES,"1,000",70,"70,000",P32206,14.45,0.69,$0.13 ,"$9,100.00 ","$9,100.00 "
HENRY SCHEIN,HS-5702228,ESSENTIALS LATEX GLOVE,,GLOVES EXAM POWDER-FREE VINYL X-LARGE BLUE,3/15/2026,MED-CONSUMABLES,"1,000",56,"56,000",P32207,14.45,0.69,$0.13 ,"$7,280.00 ","$7,280.00 "
HENRY SCHEIN,HS-139-8463,SOL-GUARD SAFETY NEEDLE,,"SAFETY NEEDLE 25G X 1"" FLIPLOCK",3/15/2026,MED-CONSUMABLES,10,15,150,P32209,8.75,1.11,$15.84 ,"$2,376.00 ","$2,376.00 "
HENRY SCHEIN,HS-SND486,SOL-MILLENIUM SAFETY NEEDLE,,SAFETY NEEDLE 25G 5/8IN FLIPLOCK,3/15/2026,MED-CONSUMABLES,10,30,300,P32160,8.6,1.51,$17.99 ,"$5,397.00 ","$5,397.00 "
HENRY SCHEIN,HS-SND486,SOL-MILLENIUM SAFETY NEEDLE,,SAFETY NEEDLE 25G 5/8IN FLIPLOCK,3/15/2026,MED-CONSUMABLES,10,30,300,P32161,8.6,1.51,$17.99 ,"$5,397.00 ","$5,397.00 "
BD,BD-260100,CHLORAPREP SWABSTICK APPLICATORS - 1.75 ML,,CHLORAPREP (2% CHLORHEXIDINE GLUCONATE AND ISOPROPYL ALCOHOL) SWABSTICK APPLICATORS - 1.75 ML,3/31/2026,MED-CONSUMABLES,480,1,480,P32350,6.1,0.9,$0.70 ,$336.00 ,$336.00 
HENRY SCHEIN,HS-570-3558,HENRY SCHEIN INSITU PACK,,INSITU PACK,10/31/2026,MED-CONSUMABLES,20,15,300,P32298,21,4.22,$102.63 ,"$30,789.00 ","$30,789.00 "
HENRY SCHEIN,HS-570-3360,HENRY SCHEIN ANGIOGRAPHY PACK,,ANGIOGRAPHY PROCEDURE TRAY,11/7/2026,MED-CONSUMABLES,5,3,15,P32296,31.2,6.87,$101.09 ,"$1,516.35 ","$1,516.35 "
BD,BD-930599NSB,CHLORAPREP,,PATIENT PREOPERATIVE SKIN PREPARATION STERILE SOLUTION 2% W/V CHLORHEXIDINE GLUCONATE (CHG) AND 70% V/V ISOPROPYL ALCOHOL (IPA) APPLICATOR IS STERILE IF PACKAGE IS INTACT 1.5 ML APPLICATOR NONSTERILE CASE BULK,11/30/2026,MED-CONSUMABLES,500,1,500,P32375,8,1,$1.80 ,$899.00 ,$899.00 
BD,BD-930415,BECTON DICKINSON CHLORAPREP,,PREP SOLUTION CHLORAPREP™ HI-LITE ORANGE™ 3 ML APPLICATOR 2% / 70% STRENGTH CHG (CHLORHEXIDINE GLUCONATE) / ISOPROPYL ALCOHOL STERILE,1/31/2027,MED-CONSUMABLES,100,4,400,P32455,4.8,1.22,$1.37 ,$548.60 ,$548.60 
BD,BD-930415,BECTON DICKINSON CHLORAPREP,,PREP SOLUTION CHLORAPREP™ HI-LITE ORANGE™ 3 ML APPLICATOR 2% / 70% STRENGTH CHG (CHLORHEXIDINE GLUCONATE) / ISOPROPYL ALCOHOL STERILE,1/31/2027,MED-CONSUMABLES,100,1,100,P32464,4.6,1.22,$1.37 ,$137.15 ,$137.15 
BD,BD-930715,BECTON DICKINSON CHLORAPREP,,PREP SOLUTION CHLORAPREP™ HI-LITE ORANGE™ 10.5 ML APPLICATOR 2% / 70% STRENGTH CHG (CHLORHEXIDINE GLUCONATE) / ISOPROPYL ALCOHOL STERILE,1/31/2027,MED-CONSUMABLES,100,1,100,P32343,4.06,1.27,$4.85 ,$485.30 ,$485.30 
BD,BD-930480,BECTON DICKINSON CHLORAPREP,,PREP SOLUTION CHLORAPREP™ CLEAR 1 ML APPLICATOR 2% / 70% STRENGTH CHG (CHLORHEXIDINE GLUCONATE) / ISOPROPYL ALCOHOL STERILE,2/28/2027,MED-CONSUMABLES,240,1,240,P32362,4.6,1.22,$0.80 ,$190.80 ,$190.80 
BD,BD-930480,BECTON DICKINSON CHLORAPREP,,PREP SOLUTION CHLORAPREP™ CLEAR 1 ML APPLICATOR 2% / 70% STRENGTH CHG (CHLORHEXIDINE GLUCONATE) / ISOPROPYL ALCOHOL STERILE,2/28/2027,MED-CONSUMABLES,240,1,240,P32369,4.6,1.22,$0.80 ,$190.80 ,$190.80 
BD,BD-930480,BECTON DICKINSON CHLORAPREP,,PREP SOLUTION CHLORAPREP™ CLEAR 1 ML APPLICATOR 2% / 70% STRENGTH CHG (CHLORHEXIDINE GLUCONATE) / ISOPROPYL ALCOHOL STERILE,2/28/2027,MED-CONSUMABLES,240,1,240,P32371,4.6,1.22,$0.80 ,$190.80 ,$190.80 
KENVUE,KEN-381371178650,JOHNSON & JOHNSON ALOE AND VITAMIN E POWDER,,ALOE AND VITAMIN E CORNSTARCH POWDER 22OZ,4/16/2027,HYGIENE,18,35,630,P33452,28,0.98,$6.78 ,"$4,271.40 ","$4,271.40 "
KENVUE,KEN-381371178650,JOHNSON & JOHNSON ALOE AND VITAMIN E POWDER,,ALOE AND VITAMIN E CORNSTARCH POWDER 22OZ,4/16/2027,HYGIENE,18,35,630,P33454,28,0.98,$6.78 ,"$4,271.40 ","$4,271.40 "
KENVUE,KEN-381371178650,JOHNSON & JOHNSON ALOE AND VITAMIN E POWDER,,ALOE AND VITAMIN E CORNSTARCH POWDER 22OZ,4/16/2027,HYGIENE,18,35,630,P33455,28,0.98,$6.78 ,"$4,271.40 ","$4,271.40 "
KENVUE,KEN-381371178650,JOHNSON & JOHNSON ALOE AND VITAMIN E POWDER,,ALOE AND VITAMIN E CORNSTARCH POWDER 22OZ,4/16/2027,HYGIENE,18,35,630,P33456,28,0.98,$6.78 ,"$4,271.40 ","$4,271.40 "
KENVUE,KEN-381371178650,JOHNSON & JOHNSON ALOE AND VITAMIN E POWDER,,ALOE AND VITAMIN E CORNSTARCH POWDER 22OZ,4/16/2027,HYGIENE,18,35,630,P33457,28,0.98,$6.78 ,"$4,271.40 ","$4,271.40 "
KENVUE,KEN-381371178650,JOHNSON & JOHNSON ALOE AND VITAMIN E POWDER,,ALOE AND VITAMIN E CORNSTARCH POWDER 22OZ,4/16/2027,HYGIENE,18,35,630,P33458,28,0.98,$6.78 ,"$4,271.40 ","$4,271.40 "
KENVUE,KEN-381371178650,JOHNSON & JOHNSON ALOE AND VITAMIN E POWDER,,ALOE AND VITAMIN E CORNSTARCH POWDER 22OZ,4/16/2027,HYGIENE,18,35,630,P33459,28,0.98,$6.78 ,"$4,271.40 ","$4,271.40 "
KENVUE,KEN-381371178650,JOHNSON & JOHNSON ALOE AND VITAMIN E POWDER,,ALOE AND VITAMIN E CORNSTARCH POWDER 22OZ,4/16/2027,HYGIENE,18,21,378,P33460,28,0.98,$6.78 ,"$2,562.84 ","$2,562.84 "
KENVUE,KEN-381371178650,JOHNSON & JOHNSON ALOE AND VITAMIN E POWDER,,ALOE AND VITAMIN E CORNSTARCH POWDER 22OZ,4/16/2027,HYGIENE,18,28,504,P33461,28,0.98,$6.78 ,"$3,417.12 ","$3,417.12 "
KENVUE,KEN-381371178650,JOHNSON & JOHNSON ALOE AND VITAMIN E POWDER,,ALOE AND VITAMIN E CORNSTARCH POWDER 22OZ,4/16/2027,HYGIENE,18,21,378,P33462,28,0.98,$6.78 ,"$2,562.84 ","$2,562.84 "
KENVUE,KEN-381371178650,JOHNSON & JOHNSON ALOE AND VITAMIN E POWDER,,ALOE AND VITAMIN E CORNSTARCH POWDER 22OZ,4/16/2027,HYGIENE,18,42,756,P33463,28,0.98,$6.78 ,"$5,125.68 ","$5,125.68 "
KENVUE,KEN-381371178650,JOHNSON & JOHNSON ALOE AND VITAMIN E POWDER,,ALOE AND VITAMIN E CORNSTARCH POWDER 22OZ,4/16/2027,HYGIENE,18,21,378,P33464,28,0.98,$6.78 ,"$2,562.84 ","$2,562.84 "
KENVUE,KEN-381371178650,JOHNSON & JOHNSON ALOE AND VITAMIN E POWDER,,ALOE AND VITAMIN E CORNSTARCH POWDER 22OZ,4/16/2027,HYGIENE,18,21,378,P33640,28,0.98,$6.78 ,"$2,562.84 ","$2,562.84 "
BD,BD-930715,BECTON DICKINSON CHLORAPREP,,PREP SOLUTION CHLORAPREP™ HI-LITE ORANGE™ 10.5 ML APPLICATOR 2% / 70% STRENGTH CHG (CHLORHEXIDINE GLUCONATE) / ISOPROPYL ALCOHOL STERILE,4/30/2027,MED-CONSUMABLES,100,2,200,P32393,4.06,1.27,$4.85 ,$970.60 ,$970.60 
BD,BD-930725,BECTON DICKINSON CHLORAPREP SCRUB TEAL,,PREP SOLUTION CHLORAPREP™ SCRUB TEAL™ 10.5 ML APPLICATOR 2% / 70% STRENGTH CHG (CHLORHEXIDINE GLUCONATE) / ISOPROPYL ALCOHOL,4/30/2027,MED-CONSUMABLES,100,2,200,P32373,4.8,1.22,$4.85 ,$970.60 ,$970.60 
BD,BD-930725,BECTON DICKINSON CHLORAPREP SCRUB TEAL,,PREP SOLUTION CHLORAPREP™ SCRUB TEAL™ 10.5 ML APPLICATOR 2% / 70% STRENGTH CHG (CHLORHEXIDINE GLUCONATE) / ISOPROPYL ALCOHOL,4/30/2027,MED-CONSUMABLES,100,1,100,P32406,4.8,1.22,$4.85 ,$485.30 ,$485.30 
BD,BD-930400,BECTON DICKINSON CHLORAPREP,,PREP SOLUTION CHLORAPREP™ CLEAR 3 ML APPLICATOR 2% / 70% STRENGTH CHG (CHLORHEXIDINE GLUCONATE) / ISOPROPYL ALCOHOL STERILE,5/31/2027,MED-CONSUMABLES,100,1,100,P32372,4.6,1.22,$1.32 ,$131.88 ,$131.88 
BD,BD-930700,BECTON DICKINSON CHLORAPREP,,PREP SOLUTION CHLORAPREP™ CLEAR 10.5 ML APPLICATOR 2% / 70% STRENGTH CHG (CHLORHEXIDINE GLUCONATE) / ISOPROPYL ALCOHOL STERILE,5/31/2027,MED-CONSUMABLES,100,3,300,P32347,8.2,1.22,$4.54 ,"$1,360.95 ","$1,360.95 "
BD,BD-930725,BECTON DICKINSON CHLORAPREP SCRUB TEAL,,PREP SOLUTION CHLORAPREP™ SCRUB TEAL™ 10.5 ML APPLICATOR 2% / 70% STRENGTH CHG (CHLORHEXIDINE GLUCONATE) / ISOPROPYL ALCOHOL,5/31/2027,MED-CONSUMABLES,100,3,300,P32403,4.8,1.22,$4.85 ,"$1,455.90 ","$1,455.90 "
BD,BD-930725NSB,BECTON DICKINSON CHLORAPREP SCRUB TEAL,,PREP SOLUTION CHLORAPREP™ SCRUB TEAL™ 10.5 ML APPLICATOR 2% / 70% STRENGTH CHG (CHLORHEXIDINE GLUCONATE) / ISOPROPYL ALCOHOL,5/31/2027,MED-CONSUMABLES,100,1,100,P32351,4.8,1.22,$4.85 ,$485.30 ,$485.30 
BD,BD-930815NSB,CHLORAPREP,,CHLORHEXIDINE GLUCONATE 2% W/V AND ISOPROPYL ALCOHOL 70% V/V  NON-STERILE BULK,5/31/2027,MED-CONSUMABLES,50,1,50,P32349,10,1.75,$8.91 ,$445.50 ,$445.50 
BD,BD-930100,BD CHLORAPREP SINGLE SWABSTICK 1.75ML APPLICATOR,,2% W/V CHLORHEXIDINE GLUCONATE (CHG) AND 70% V/V ISOPROPYL ALCOHOL (IPA),6/30/2027,MED-CONSUMABLES,480,1,480,P32489,6,0.91,$0.74 ,$355.20 ,$355.20 
BD,BD-930415NS,CHLORAPREP,,PREP SOLUTION CHLORAPREP™ HI-LITE ORANGE™ 3 ML APPLICATOR 2% / 70% STRENGTH CHG (CHLORHEXIDINE GLUCONATE) / NON STERILE,6/30/2027,MED-CONSUMABLES,100,1,100,P32363,4.8,1.22,$1.37 ,$137.15 ,$137.15 
BD,BD-930480,BECTON DICKINSON CHLORAPREP,,PREP SOLUTION CHLORAPREP™ CLEAR 1 ML APPLICATOR 2% / 70% STRENGTH CHG (CHLORHEXIDINE GLUCONATE) / ISOPROPYL ALCOHOL STERILE,6/30/2027,MED-CONSUMABLES,240,2,480,P32404,4.6,1.22,$0.80 ,$381.60 ,$381.60 
BD,BD-930480,BECTON DICKINSON CHLORAPREP,,PREP SOLUTION CHLORAPREP™ CLEAR 1 ML APPLICATOR 2% / 70% STRENGTH CHG (CHLORHEXIDINE GLUCONATE) / ISOPROPYL ALCOHOL STERILE,6/30/2027,MED-CONSUMABLES,240,1,240,P32407,4.6,1.22,$0.80 ,$190.80 ,$190.80 
BD,BD-930480NSB,BECTON DICKINSON CHLORAPREP,,PREP SOLUTION CHLORAPREP™ CLEAR 1 ML APPLICATOR 2% / 70% STRENGTH CHG (CHLORHEXIDINE GLUCONATE) / ISOPROPYL ALCOHOL STERILE,6/30/2027,MED-CONSUMABLES,"1,500",1,"1,500",P32307,12,1.78,$0.80 ,"$1,192.50 ","$1,192.50 "
BD,BD-930480NSB,BECTON DICKINSON CHLORAPREP,,PREP SOLUTION CHLORAPREP™ CLEAR 1 ML APPLICATOR 2% / 70% STRENGTH CHG (CHLORHEXIDINE GLUCONATE) / ISOPROPYL ALCOHOL STERILE,6/30/2027,MED-CONSUMABLES,"1,500",1,"1,500",P32314,12,1.78,$0.80 ,"$1,192.50 ","$1,192.50 "
BD,BD-930700,BECTON DICKINSON CHLORAPREP,,PREP SOLUTION CHLORAPREP™ CLEAR 10.5 ML APPLICATOR 2% / 70% STRENGTH CHG (CHLORHEXIDINE GLUCONATE) / ISOPROPYL ALCOHOL STERILE,6/30/2027,MED-CONSUMABLES,100,2,200,P32377,8.2,1.22,$4.54 ,$907.30 ,$907.30 
BD,BD-930700NS,CHLORAPREP,,PREP SOLUTION CHLORAPREP™ CLEAR 10.5 ML APPLICATOR 2% / 70% STRENGTH CHG (CHLORHEXIDINE GLUCONATE) /NON-STERILE,6/30/2027,MED-CONSUMABLES,100,1,100,P32469,8.2,1.2,$4.53 ,$453.00 ,$453.00 
BD,BD-930715,BECTON DICKINSON CHLORAPREP,,PREP SOLUTION CHLORAPREP™ HI-LITE ORANGE™ 10.5 ML APPLICATOR 2% / 70% STRENGTH CHG (CHLORHEXIDINE GLUCONATE) / ISOPROPYL ALCOHOL STERILE,6/30/2027,MED-CONSUMABLES,100,2,200,P32376,4.06,1.27,$4.85 ,$970.60 ,$970.60 
BD,BD-930715,BECTON DICKINSON CHLORAPREP,,PREP SOLUTION CHLORAPREP™ HI-LITE ORANGE™ 10.5 ML APPLICATOR 2% / 70% STRENGTH CHG (CHLORHEXIDINE GLUCONATE) / ISOPROPYL ALCOHOL STERILE,6/30/2027,MED-CONSUMABLES,100,3,300,P32390,4.06,1.27,$4.85 ,"$1,455.90 ","$1,455.90 "
BD,BD-930725,BECTON DICKINSON CHLORAPREP SCRUB TEAL,,PREP SOLUTION CHLORAPREP™ SCRUB TEAL™ 10.5 ML APPLICATOR 2% / 70% STRENGTH CHG (CHLORHEXIDINE GLUCONATE) / ISOPROPYL ALCOHOL,6/30/2027,MED-CONSUMABLES,100,7,700,P32366,4.8,1.22,$4.85 ,"$3,397.10 ","$3,397.10 "
BD,BD-930725,BECTON DICKINSON CHLORAPREP SCRUB TEAL,,PREP SOLUTION CHLORAPREP™ SCRUB TEAL™ 10.5 ML APPLICATOR 2% / 70% STRENGTH CHG (CHLORHEXIDINE GLUCONATE) / ISOPROPYL ALCOHOL,6/30/2027,MED-CONSUMABLES,100,2,200,P32380,4.8,1.22,$4.85 ,$970.60 ,$970.60 
BD,BD-930400,BECTON DICKINSON CHLORAPREP,,PREP SOLUTION CHLORAPREP™ CLEAR 3 ML APPLICATOR 2% / 70% STRENGTH CHG (CHLORHEXIDINE GLUCONATE) / ISOPROPYL ALCOHOL STERILE,7/31/2027,MED-CONSUMABLES,100,6,600,P32337,4.6,1.22,$1.32 ,$791.28 ,$791.28 
BD,BD-930400,BECTON DICKINSON CHLORAPREP,,PREP SOLUTION CHLORAPREP™ CLEAR 3 ML APPLICATOR 2% / 70% STRENGTH CHG (CHLORHEXIDINE GLUCONATE) / ISOPROPYL ALCOHOL STERILE,7/31/2027,MED-CONSUMABLES,100,1,100,P32342,4.6,1.22,$1.32 ,$131.88 ,$131.88 
BD,BD-930400,BECTON DICKINSON CHLORAPREP,,PREP SOLUTION CHLORAPREP™ CLEAR 3 ML APPLICATOR 2% / 70% STRENGTH CHG (CHLORHEXIDINE GLUCONATE) / ISOPROPYL ALCOHOL STERILE,7/31/2027,MED-CONSUMABLES,100,1,100,P32352,4.6,1.22,$1.32 ,$131.88 ,$131.88 
BD,BD-930400,BECTON DICKINSON CHLORAPREP,,PREP SOLUTION CHLORAPREP™ CLEAR 3 ML APPLICATOR 2% / 70% STRENGTH CHG (CHLORHEXIDINE GLUCONATE) / ISOPROPYL ALCOHOL STERILE,7/31/2027,MED-CONSUMABLES,100,1,100,P32354,4.6,1.22,$1.32 ,$131.88 ,$131.88 
BD,BD-930400,BECTON DICKINSON CHLORAPREP,,PREP SOLUTION CHLORAPREP™ CLEAR 3 ML APPLICATOR 2% / 70% STRENGTH CHG (CHLORHEXIDINE GLUCONATE) / ISOPROPYL ALCOHOL STERILE,7/31/2027,MED-CONSUMABLES,100,8,800,P32357,4.6,1.22,$1.32 ,"$1,055.04 ","$1,055.04 "
BD,BD-930400,BECTON DICKINSON CHLORAPREP,,PREP SOLUTION CHLORAPREP™ CLEAR 3 ML APPLICATOR 2% / 70% STRENGTH CHG (CHLORHEXIDINE GLUCONATE) / ISOPROPYL ALCOHOL STERILE,7/31/2027,MED-CONSUMABLES,100,2,200,P32358,4.6,1.22,$1.32 ,$263.76 ,$263.76 
BD,BD-930400,BECTON DICKINSON CHLORAPREP,,PREP SOLUTION CHLORAPREP™ CLEAR 3 ML APPLICATOR 2% / 70% STRENGTH CHG (CHLORHEXIDINE GLUCONATE) / ISOPROPYL ALCOHOL STERILE,7/31/2027,MED-CONSUMABLES,100,2,200,P32378,4.6,1.22,$1.32 ,$263.76 ,$263.76 
BD,BD-930400,BECTON DICKINSON CHLORAPREP,,PREP SOLUTION CHLORAPREP™ CLEAR 3 ML APPLICATOR 2% / 70% STRENGTH CHG (CHLORHEXIDINE GLUCONATE) / ISOPROPYL ALCOHOL STERILE,7/31/2027,MED-CONSUMABLES,100,1,100,P32382,4.6,1.22,$1.32 ,$131.88 ,$131.88 
BD,BD-930400,BECTON DICKINSON CHLORAPREP,,PREP SOLUTION CHLORAPREP™ CLEAR 3 ML APPLICATOR 2% / 70% STRENGTH CHG (CHLORHEXIDINE GLUCONATE) / ISOPROPYL ALCOHOL STERILE,7/31/2027,MED-CONSUMABLES,100,5,500,P32385,4.6,1.22,$1.32 ,$659.40 ,$659.40 
BD,BD-930400,BECTON DICKINSON CHLORAPREP,,PREP SOLUTION CHLORAPREP™ CLEAR 3 ML APPLICATOR 2% / 70% STRENGTH CHG (CHLORHEXIDINE GLUCONATE) / ISOPROPYL ALCOHOL STERILE,7/31/2027,MED-CONSUMABLES,100,1,100,P32399,4.6,1.22,$1.32 ,$131.88 ,$131.88 
BD,BD-930400,BECTON DICKINSON CHLORAPREP,,PREP SOLUTION CHLORAPREP™ CLEAR 3 ML APPLICATOR 2% / 70% STRENGTH CHG (CHLORHEXIDINE GLUCONATE) / ISOPROPYL ALCOHOL STERILE,7/31/2027,MED-CONSUMABLES,100,3,300,P32400,4.6,1.22,$1.32 ,$395.64 ,$395.64 
BD,BD-930400,BECTON DICKINSON CHLORAPREP,,PREP SOLUTION CHLORAPREP™ CLEAR 3 ML APPLICATOR 2% / 70% STRENGTH CHG (CHLORHEXIDINE GLUCONATE) / ISOPROPYL ALCOHOL STERILE,7/31/2027,MED-CONSUMABLES,100,5,500,P32408,4.6,1.22,$1.32 ,$659.40 ,$659.40 
BD,BD-930400,BECTON DICKINSON CHLORAPREP,,PREP SOLUTION CHLORAPREP™ CLEAR 3 ML APPLICATOR 2% / 70% STRENGTH CHG (CHLORHEXIDINE GLUCONATE) / ISOPROPYL ALCOHOL STERILE,7/31/2027,MED-CONSUMABLES,100,1,100,P32412,4.6,1.22,$1.32 ,$131.88 ,$131.88 
BD,BD-930400,BECTON DICKINSON CHLORAPREP,,PREP SOLUTION CHLORAPREP™ CLEAR 3 ML APPLICATOR 2% / 70% STRENGTH CHG (CHLORHEXIDINE GLUCONATE) / ISOPROPYL ALCOHOL STERILE,7/31/2027,MED-CONSUMABLES,100,1,100,P32413,4.6,1.22,$1.32 ,$131.88 ,$131.88 
BD,BD-930400,BECTON DICKINSON CHLORAPREP,,PREP SOLUTION CHLORAPREP™ CLEAR 3 ML APPLICATOR 2% / 70% STRENGTH CHG (CHLORHEXIDINE GLUCONATE) / ISOPROPYL ALCOHOL STERILE,7/31/2027,MED-CONSUMABLES,100,2,200,P32415,4.6,1.22,$1.32 ,$263.76 ,$263.76 
BD,BD-930400,BECTON DICKINSON CHLORAPREP,,PREP SOLUTION CHLORAPREP™ CLEAR 3 ML APPLICATOR 2% / 70% STRENGTH CHG (CHLORHEXIDINE GLUCONATE) / ISOPROPYL ALCOHOL STERILE,7/31/2027,MED-CONSUMABLES,100,1,100,P32453,4.6,1.22,$1.32 ,$131.88 ,$131.88 
BD,BD-930415,BECTON DICKINSON CHLORAPREP,,PREP SOLUTION CHLORAPREP™ HI-LITE ORANGE™ 3 ML APPLICATOR 2% / 70% STRENGTH CHG (CHLORHEXIDINE GLUCONATE) / ISOPROPYL ALCOHOL STERILE,7/31/2027,MED-CONSUMABLES,100,3,300,P32346,4.8,1.22,$1.37 ,$411.45 ,$411.45 
BD,BD-930415,BECTON DICKINSON CHLORAPREP,,PREP SOLUTION CHLORAPREP™ HI-LITE ORANGE™ 3 ML APPLICATOR 2% / 70% STRENGTH CHG (CHLORHEXIDINE GLUCONATE) / ISOPROPYL ALCOHOL STERILE,7/31/2027,MED-CONSUMABLES,100,1,100,P32353,4.8,1.22,$1.37 ,$137.15 ,$137.15 
BD,BD-930415,BECTON DICKINSON CHLORAPREP,,PREP SOLUTION CHLORAPREP™ HI-LITE ORANGE™ 3 ML APPLICATOR 2% / 70% STRENGTH CHG (CHLORHEXIDINE GLUCONATE) / ISOPROPYL ALCOHOL STERILE,7/31/2027,MED-CONSUMABLES,100,3,300,P32409,4.8,1.22,$1.37 ,$411.45 ,$411.45 
BD,BD-930415,BECTON DICKINSON CHLORAPREP,,PREP SOLUTION CHLORAPREP™ HI-LITE ORANGE™ 3 ML APPLICATOR 2% / 70% STRENGTH CHG (CHLORHEXIDINE GLUCONATE) / ISOPROPYL ALCOHOL STERILE,7/31/2027,MED-CONSUMABLES,100,3,300,P32410,4.8,1.22,$1.37 ,$411.45 ,$411.45 
BD,BD-930415,BECTON DICKINSON CHLORAPREP,,PREP SOLUTION CHLORAPREP™ HI-LITE ORANGE™ 3 ML APPLICATOR 2% / 70% STRENGTH CHG (CHLORHEXIDINE GLUCONATE) / ISOPROPYL ALCOHOL STERILE,7/31/2027,MED-CONSUMABLES,100,1,100,P32416,4.8,1.22,$1.37 ,$137.15 ,$137.15 
BD,BD-930415,BECTON DICKINSON CHLORAPREP,,PREP SOLUTION CHLORAPREP™ HI-LITE ORANGE™ 3 ML APPLICATOR 2% / 70% STRENGTH CHG (CHLORHEXIDINE GLUCONATE) / ISOPROPYL ALCOHOL STERILE,7/31/2027,MED-CONSUMABLES,100,1,100,P32418,4.8,1.22,$1.37 ,$137.15 ,$137.15 
BD,BD-930415,BECTON DICKINSON CHLORAPREP,,PREP SOLUTION CHLORAPREP™ HI-LITE ORANGE™ 3 ML APPLICATOR 2% / 70% STRENGTH CHG (CHLORHEXIDINE GLUCONATE) / ISOPROPYL ALCOHOL STERILE,7/31/2027,MED-CONSUMABLES,100,1,100,P32451,4.8,1.22,$1.37 ,$137.15 ,$137.15 
BD,BD-930480,BECTON DICKINSON CHLORAPREP,,PREP SOLUTION CHLORAPREP™ CLEAR 1 ML APPLICATOR 2% / 70% STRENGTH CHG (CHLORHEXIDINE GLUCONATE) / ISOPROPYL ALCOHOL STERILE,7/31/2027,MED-CONSUMABLES,240,1,240,P32396,4.6,1.22,$0.80 ,$190.80 ,$190.80 
BD,BD-930500NSB,BECTON DICKINSON CHLORAPREP,,PREP SOLUTION CHLORAPREP™ CLEAR 3 ML APPLICATOR 2% / 70% STRENGTH CHG (CHLORHEXIDINE GLUCONATE) / ISOPROPYL ALCOHOL NON-STERILE BULK,7/31/2027,MED-CONSUMABLES,250,1,250,P32348,6.25,1.3,$1.32 ,$329.70 ,$329.70 
BD,BD-930500NSB,BECTON DICKINSON CHLORAPREP,,PREP SOLUTION CHLORAPREP™ CLEAR 3 ML APPLICATOR 2% / 70% STRENGTH CHG (CHLORHEXIDINE GLUCONATE) / ISOPROPYL ALCOHOL NON-STERILE BULK,7/31/2027,MED-CONSUMABLES,250,1,250,P32359,6.25,1.3,$1.32 ,$329.70 ,$329.70 
BD,BD-930599NSB,CHLORAPREP,,PATIENT PREOPERATIVE SKIN PREPARATION STERILE SOLUTION 2% W/V CHLORHEXIDINE GLUCONATE (CHG) AND 70% V/V ISOPROPYL ALCOHOL (IPA) APPLICATOR IS STERILE IF PACKAGE IS INTACT 1.5 ML APPLICATOR NONSTERILE CASE BULK,7/31/2027,MED-CONSUMABLES,500,1,500,P32370,8,1,$1.80 ,$899.00 ,$899.00 
BD,BD-930700,BECTON DICKINSON CHLORAPREP,,PREP SOLUTION CHLORAPREP™ CLEAR 10.5 ML APPLICATOR 2% / 70% STRENGTH CHG (CHLORHEXIDINE GLUCONATE) / ISOPROPYL ALCOHOL STERILE,7/31/2027,MED-CONSUMABLES,100,1,100,P32361,8.2,1.22,$4.54 ,$453.65 ,$453.65 
BD,BD-930700,BECTON DICKINSON CHLORAPREP,,PREP SOLUTION CHLORAPREP™ CLEAR 10.5 ML APPLICATOR 2% / 70% STRENGTH CHG (CHLORHEXIDINE GLUCONATE) / ISOPROPYL ALCOHOL STERILE,7/31/2027,MED-CONSUMABLES,100,2,200,P32367,8.2,1.22,$4.54 ,$907.30 ,$907.30 
BD,BD-930700,BECTON DICKINSON CHLORAPREP,,PREP SOLUTION CHLORAPREP™ CLEAR 10.5 ML APPLICATOR 2% / 70% STRENGTH CHG (CHLORHEXIDINE GLUCONATE) / ISOPROPYL ALCOHOL STERILE,7/31/2027,MED-CONSUMABLES,100,1,100,P32414,8.2,1.22,$4.54 ,$453.65 ,$453.65 
BD,BD-930715,BECTON DICKINSON CHLORAPREP,,PREP SOLUTION CHLORAPREP™ HI-LITE ORANGE™ 10.5 ML APPLICATOR 2% / 70% STRENGTH CHG (CHLORHEXIDINE GLUCONATE) / ISOPROPYL ALCOHOL STERILE,7/31/2027,MED-CONSUMABLES,100,5,500,P32320,4.06,1.27,$4.85 ,"$2,426.50 ","$2,426.50 "
BD,BD-930715,BECTON DICKINSON CHLORAPREP,,PREP SOLUTION CHLORAPREP™ HI-LITE ORANGE™ 10.5 ML APPLICATOR 2% / 70% STRENGTH CHG (CHLORHEXIDINE GLUCONATE) / ISOPROPYL ALCOHOL STERILE,7/31/2027,MED-CONSUMABLES,100,1,100,P32364,4.06,1.27,$4.85 ,$485.30 ,$485.30 
BD,BD-930715,BECTON DICKINSON CHLORAPREP,,PREP SOLUTION CHLORAPREP™ HI-LITE ORANGE™ 10.5 ML APPLICATOR 2% / 70% STRENGTH CHG (CHLORHEXIDINE GLUCONATE) / ISOPROPYL ALCOHOL STERILE,7/31/2027,MED-CONSUMABLES,100,6,600,P32365,4.06,1.27,$4.85 ,"$2,911.80 ","$2,911.80 "
BD,BD-930715,BECTON DICKINSON CHLORAPREP,,PREP SOLUTION CHLORAPREP™ HI-LITE ORANGE™ 10.5 ML APPLICATOR 2% / 70% STRENGTH CHG (CHLORHEXIDINE GLUCONATE) / ISOPROPYL ALCOHOL STERILE,7/31/2027,MED-CONSUMABLES,100,1,100,P32368,4.06,1.27,$4.85 ,$485.30 ,$485.30 
BD,BD-930715,BECTON DICKINSON CHLORAPREP,,PREP SOLUTION CHLORAPREP™ HI-LITE ORANGE™ 10.5 ML APPLICATOR 2% / 70% STRENGTH CHG (CHLORHEXIDINE GLUCONATE) / ISOPROPYL ALCOHOL STERILE,7/31/2027,MED-CONSUMABLES,100,1,100,P32374,4.06,1.27,$4.85 ,$485.30 ,$485.30 
BD,BD-930715,BECTON DICKINSON CHLORAPREP,,PREP SOLUTION CHLORAPREP™ HI-LITE ORANGE™ 10.5 ML APPLICATOR 2% / 70% STRENGTH CHG (CHLORHEXIDINE GLUCONATE) / ISOPROPYL ALCOHOL STERILE,7/31/2027,MED-CONSUMABLES,100,2,200,P32379,4.06,1.27,$4.85 ,$970.60 ,$970.60 
BD,BD-930715,BECTON DICKINSON CHLORAPREP,,PREP SOLUTION CHLORAPREP™ HI-LITE ORANGE™ 10.5 ML APPLICATOR 2% / 70% STRENGTH CHG (CHLORHEXIDINE GLUCONATE) / ISOPROPYL ALCOHOL STERILE,7/31/2027,MED-CONSUMABLES,100,3,300,P32381,4.06,1.27,$4.85 ,"$1,455.90 ","$1,455.90 "
BD,BD-930715,BECTON DICKINSON CHLORAPREP,,PREP SOLUTION CHLORAPREP™ HI-LITE ORANGE™ 10.5 ML APPLICATOR 2% / 70% STRENGTH CHG (CHLORHEXIDINE GLUCONATE) / ISOPROPYL ALCOHOL STERILE,7/31/2027,MED-CONSUMABLES,100,1,100,P32398,4.06,1.27,$4.85 ,$485.30 ,$485.30 
BD,BD-930715,BECTON DICKINSON CHLORAPREP,,PREP SOLUTION CHLORAPREP™ HI-LITE ORANGE™ 10.5 ML APPLICATOR 2% / 70% STRENGTH CHG (CHLORHEXIDINE GLUCONATE) / ISOPROPYL ALCOHOL STERILE,7/31/2027,MED-CONSUMABLES,100,4,400,P32417,4.06,1.27,$4.85 ,"$1,941.20 ","$1,941.20 "
BD,BD-930715,BECTON DICKINSON CHLORAPREP,,PREP SOLUTION CHLORAPREP™ HI-LITE ORANGE™ 10.5 ML APPLICATOR 2% / 70% STRENGTH CHG (CHLORHEXIDINE GLUCONATE) / ISOPROPYL ALCOHOL STERILE,7/31/2027,MED-CONSUMABLES,100,1,100,P32491,8.2,1.27,$4.85 ,$485.30 ,$485.30 
BD,BD-930415NS,CHLORAPREP,,PREP SOLUTION CHLORAPREP™ HI-LITE ORANGE™ 3 ML APPLICATOR 2% / 70% STRENGTH CHG (CHLORHEXIDINE GLUCONATE) / NON STERILE,8/31/2027,MED-CONSUMABLES,100,1,100,P32460,3.8,1.22,$1.37 ,$137.15 ,$137.15 
BD,BD-930715,BECTON DICKINSON CHLORAPREP,,PREP SOLUTION CHLORAPREP™ HI-LITE ORANGE™ 10.5 ML APPLICATOR 2% / 70% STRENGTH CHG (CHLORHEXIDINE GLUCONATE) / ISOPROPYL ALCOHOL STERILE,8/31/2027,MED-CONSUMABLES,100,11,"1,100",P32462,4.06,1.27,$4.85 ,"$5,338.30 ","$5,338.30 "
BD,BD-930400,BECTON DICKINSON CHLORAPREP,,PREP SOLUTION CHLORAPREP™ CLEAR 3 ML APPLICATOR 2% / 70% STRENGTH CHG (CHLORHEXIDINE GLUCONATE) / ISOPROPYL ALCOHOL STERILE,8/31/2027,MED-CONSUMABLES,100,5,500,P32318,4.6,1.22,$1.32 ,$659.40 ,$659.40 
BD,BD-930400,BECTON DICKINSON CHLORAPREP,,PREP SOLUTION CHLORAPREP™ CLEAR 3 ML APPLICATOR 2% / 70% STRENGTH CHG (CHLORHEXIDINE GLUCONATE) / ISOPROPYL ALCOHOL STERILE,8/31/2027,MED-CONSUMABLES,100,3,300,P32319,4.6,1.22,$1.32 ,$395.64 ,$395.64 
BD,BD-930400,BECTON DICKINSON CHLORAPREP,,PREP SOLUTION CHLORAPREP™ CLEAR 3 ML APPLICATOR 2% / 70% STRENGTH CHG (CHLORHEXIDINE GLUCONATE) / ISOPROPYL ALCOHOL STERILE,8/31/2027,MED-CONSUMABLES,100,6,600,P32321,4.6,1.22,$1.32 ,$791.28 ,$791.28 
BD,BD-930400,BECTON DICKINSON CHLORAPREP,,PREP SOLUTION CHLORAPREP™ CLEAR 3 ML APPLICATOR 2% / 70% STRENGTH CHG (CHLORHEXIDINE GLUCONATE) / ISOPROPYL ALCOHOL STERILE,8/31/2027,MED-CONSUMABLES,100,1,100,P32324,4.6,1.22,$1.32 ,$131.88 ,$131.88 
BD,BD-930400,BECTON DICKINSON CHLORAPREP,,PREP SOLUTION CHLORAPREP™ CLEAR 3 ML APPLICATOR 2% / 70% STRENGTH CHG (CHLORHEXIDINE GLUCONATE) / ISOPROPYL ALCOHOL STERILE,8/31/2027,MED-CONSUMABLES,100,1,100,P32326,4.6,1.22,$1.32 ,$131.88 ,$131.88 
BD,BD-930400,BECTON DICKINSON CHLORAPREP,,PREP SOLUTION CHLORAPREP™ CLEAR 3 ML APPLICATOR 2% / 70% STRENGTH CHG (CHLORHEXIDINE GLUCONATE) / ISOPROPYL ALCOHOL STERILE,8/31/2027,MED-CONSUMABLES,100,2,200,P32328,4.6,1.22,$1.32 ,$263.76 ,$263.76 
BD,BD-930400,BECTON DICKINSON CHLORAPREP,,PREP SOLUTION CHLORAPREP™ CLEAR 3 ML APPLICATOR 2% / 70% STRENGTH CHG (CHLORHEXIDINE GLUCONATE) / ISOPROPYL ALCOHOL STERILE,8/31/2027,MED-CONSUMABLES,100,1,100,P32333,4.6,1.22,$1.32 ,$131.88 ,$131.88 
BD,BD-930400,BECTON DICKINSON CHLORAPREP,,PREP SOLUTION CHLORAPREP™ CLEAR 3 ML APPLICATOR 2% / 70% STRENGTH CHG (CHLORHEXIDINE GLUCONATE) / ISOPROPYL ALCOHOL STERILE,8/31/2027,MED-CONSUMABLES,100,4,400,P32335,4.6,1.22,$1.32 ,$527.52 ,$527.52 
BD,BD-930400,BECTON DICKINSON CHLORAPREP,,PREP SOLUTION CHLORAPREP™ CLEAR 3 ML APPLICATOR 2% / 70% STRENGTH CHG (CHLORHEXIDINE GLUCONATE) / ISOPROPYL ALCOHOL STERILE,8/31/2027,MED-CONSUMABLES,100,4,400,P32338,4.6,1.22,$1.32 ,$527.52 ,$527.52 
BD,BD-930400,BECTON DICKINSON CHLORAPREP,,PREP SOLUTION CHLORAPREP™ CLEAR 3 ML APPLICATOR 2% / 70% STRENGTH CHG (CHLORHEXIDINE GLUCONATE) / ISOPROPYL ALCOHOL STERILE,8/31/2027,MED-CONSUMABLES,100,3,300,P32340,4.6,1.22,$1.32 ,$395.64 ,$395.64 
BD,BD-930400,BECTON DICKINSON CHLORAPREP,,PREP SOLUTION CHLORAPREP™ CLEAR 3 ML APPLICATOR 2% / 70% STRENGTH CHG (CHLORHEXIDINE GLUCONATE) / ISOPROPYL ALCOHOL STERILE,8/31/2027,MED-CONSUMABLES,100,1,100,P32345,4.6,1.22,$1.32 ,$131.88 ,$131.88 
BD,BD-930400,BECTON DICKINSON CHLORAPREP,,PREP SOLUTION CHLORAPREP™ CLEAR 3 ML APPLICATOR 2% / 70% STRENGTH CHG (CHLORHEXIDINE GLUCONATE) / ISOPROPYL ALCOHOL STERILE,8/31/2027,MED-CONSUMABLES,100,1,100,P32355,4.6,1.22,$1.32 ,$131.88 ,$131.88 
BD,BD-930400,BECTON DICKINSON CHLORAPREP,,PREP SOLUTION CHLORAPREP™ CLEAR 3 ML APPLICATOR 2% / 70% STRENGTH CHG (CHLORHEXIDINE GLUCONATE) / ISOPROPYL ALCOHOL STERILE,8/31/2027,MED-CONSUMABLES,100,3,300,P32356,4.6,1.22,$1.32 ,$395.64 ,$395.64 
BD,BD-930400,BECTON DICKINSON CHLORAPREP,,PREP SOLUTION CHLORAPREP™ CLEAR 3 ML APPLICATOR 2% / 70% STRENGTH CHG (CHLORHEXIDINE GLUCONATE) / ISOPROPYL ALCOHOL STERILE,8/31/2027,MED-CONSUMABLES,100,1,100,P32387,4.6,1.22,$1.32 ,$131.88 ,$131.88 
BD,BD-930400,BECTON DICKINSON CHLORAPREP,,PREP SOLUTION CHLORAPREP™ CLEAR 3 ML APPLICATOR 2% / 70% STRENGTH CHG (CHLORHEXIDINE GLUCONATE) / ISOPROPYL ALCOHOL STERILE,8/31/2027,MED-CONSUMABLES,100,1,100,P32402,4.6,1.22,$1.32 ,$131.88 ,$131.88 
BD,BD-930400,BECTON DICKINSON CHLORAPREP,,PREP SOLUTION CHLORAPREP™ CLEAR 3 ML APPLICATOR 2% / 70% STRENGTH CHG (CHLORHEXIDINE GLUCONATE) / ISOPROPYL ALCOHOL STERILE,8/31/2027,MED-CONSUMABLES,100,15,"1,500",P32454,4.6,1.22,$1.32 ,"$1,978.20 ","$1,978.20 "
BD,BD-930400,BECTON DICKINSON CHLORAPREP,,PREP SOLUTION CHLORAPREP™ CLEAR 3 ML APPLICATOR 2% / 70% STRENGTH CHG (CHLORHEXIDINE GLUCONATE) / ISOPROPYL ALCOHOL STERILE,8/31/2027,MED-CONSUMABLES,100,4,400,P32461,4.6,1.22,$1.32 ,$527.52 ,$527.52 
BD,BD-930400,BECTON DICKINSON CHLORAPREP,,PREP SOLUTION CHLORAPREP™ CLEAR 3 ML APPLICATOR 2% / 70% STRENGTH CHG (CHLORHEXIDINE GLUCONATE) / ISOPROPYL ALCOHOL STERILE,8/31/2027,MED-CONSUMABLES,100,2,200,P32486,4.6,1.22,$1.32 ,$263.76 ,$263.76 
BD,BD-930415,BECTON DICKINSON CHLORAPREP,,PREP SOLUTION CHLORAPREP™ HI-LITE ORANGE™ 3 ML APPLICATOR 2% / 70% STRENGTH CHG (CHLORHEXIDINE GLUCONATE) / ISOPROPYL ALCOHOL STERILE,8/31/2027,MED-CONSUMABLES,100,1,100,P32360,4.8,1.22,$1.37 ,$137.15 ,$137.15 
BD,BD-930415,BECTON DICKINSON CHLORAPREP,,PREP SOLUTION CHLORAPREP™ HI-LITE ORANGE™ 3 ML APPLICATOR 2% / 70% STRENGTH CHG (CHLORHEXIDINE GLUCONATE) / ISOPROPYL ALCOHOL STERILE,8/31/2027,MED-CONSUMABLES,100,1,100,P32467,4.6,1.22,$1.37 ,$137.15 ,$137.15 
BD,BD-930415NS,CHLORAPREP,,PREP SOLUTION CHLORAPREP™ HI-LITE ORANGE™ 3 ML APPLICATOR 2% / 70% STRENGTH CHG (CHLORHEXIDINE GLUCONATE) / NON STERILE,8/31/2027,MED-CONSUMABLES,100,2,200,P32506,1.15,1.22,$1.37 ,$274.30 ,$274.30 
BD,BD-930480,BECTON DICKINSON CHLORAPREP,,PREP SOLUTION CHLORAPREP™ CLEAR 1 ML APPLICATOR 2% / 70% STRENGTH CHG (CHLORHEXIDINE GLUCONATE) / ISOPROPYL ALCOHOL STERILE,8/31/2027,MED-CONSUMABLES,240,4,960,P32437,4.6,1.22,$0.80 ,$763.20 ,$763.20 
BD,BD-930480,BECTON DICKINSON CHLORAPREP,,PREP SOLUTION CHLORAPREP™ CLEAR 1 ML APPLICATOR 2% / 70% STRENGTH CHG (CHLORHEXIDINE GLUCONATE) / ISOPROPYL ALCOHOL STERILE,8/31/2027,MED-CONSUMABLES,240,2,480,P32484,4.6,1.22,$0.80 ,$381.60 ,$381.60 
BD,BD-930480,BECTON DICKINSON CHLORAPREP,,PREP SOLUTION CHLORAPREP™ CLEAR 1 ML APPLICATOR 2% / 70% STRENGTH CHG (CHLORHEXIDINE GLUCONATE) / ISOPROPYL ALCOHOL STERILE,8/31/2027,MED-CONSUMABLES,240,3,720,P32500,4.6,1.22,$0.80 ,$572.40 ,$572.40 
BD,BD-930480,BECTON DICKINSON CHLORAPREP,,PREP SOLUTION CHLORAPREP™ CLEAR 1 ML APPLICATOR 2% / 70% STRENGTH CHG (CHLORHEXIDINE GLUCONATE) / ISOPROPYL ALCOHOL STERILE,8/31/2027,MED-CONSUMABLES,240,1,240,P32501,4.6,1.22,$0.80 ,$190.80 ,$190.80 
BD,BD-930480,BECTON DICKINSON CHLORAPREP,,PREP SOLUTION CHLORAPREP™ CLEAR 1 ML APPLICATOR 2% / 70% STRENGTH CHG (CHLORHEXIDINE GLUCONATE) / ISOPROPYL ALCOHOL STERILE,8/31/2027,MED-CONSUMABLES,240,2,480,P32503,4.6,1.22,$0.80 ,$381.60 ,$381.60 
BD,BD-930500NSB,BECTON DICKINSON CHLORAPREP,,PREP SOLUTION CHLORAPREP™ CLEAR 3 ML APPLICATOR 2% / 70% STRENGTH CHG (CHLORHEXIDINE GLUCONATE) / ISOPROPYL ALCOHOL NON-STERILE BULK,8/31/2027,MED-CONSUMABLES,250,1,250,P32466,6.25,1.3,$1.32 ,$329.70 ,$329.70 
BD,BD-930700,BECTON DICKINSON CHLORAPREP,,PREP SOLUTION CHLORAPREP™ CLEAR 10.5 ML APPLICATOR 2% / 70% STRENGTH CHG (CHLORHEXIDINE GLUCONATE) / ISOPROPYL ALCOHOL STERILE,8/31/2027,MED-CONSUMABLES,100,2,200,P32317,8.2,1.22,$4.54 ,$907.30 ,$907.30 
BD,BD-930700,BECTON DICKINSON CHLORAPREP,,PREP SOLUTION CHLORAPREP™ CLEAR 10.5 ML APPLICATOR 2% / 70% STRENGTH CHG (CHLORHEXIDINE GLUCONATE) / ISOPROPYL ALCOHOL STERILE,8/31/2027,MED-CONSUMABLES,100,7,700,P32327,8.2,1.22,$4.54 ,"$3,175.55 ","$3,175.55 "
BD,BD-930700,BECTON DICKINSON CHLORAPREP,,PREP SOLUTION CHLORAPREP™ CLEAR 10.5 ML APPLICATOR 2% / 70% STRENGTH CHG (CHLORHEXIDINE GLUCONATE) / ISOPROPYL ALCOHOL STERILE,8/31/2027,MED-CONSUMABLES,100,2,200,P32344,8.2,1.22,$4.54 ,$907.30 ,$907.30 
BD,BD-930700,BECTON DICKINSON CHLORAPREP,,PREP SOLUTION CHLORAPREP™ CLEAR 10.5 ML APPLICATOR 2% / 70% STRENGTH CHG (CHLORHEXIDINE GLUCONATE) / ISOPROPYL ALCOHOL STERILE,8/31/2027,MED-CONSUMABLES,100,2,200,P32397,8.2,1.22,$4.54 ,$907.30 ,$907.30 
BD,BD-930700,BECTON DICKINSON CHLORAPREP,,PREP SOLUTION CHLORAPREP™ CLEAR 10.5 ML APPLICATOR 2% / 70% STRENGTH CHG (CHLORHEXIDINE GLUCONATE) / ISOPROPYL ALCOHOL STERILE,8/31/2027,MED-CONSUMABLES,100,2,200,P32401,8.2,1.22,$4.54 ,$907.30 ,$907.30 
BD,BD-930700,BECTON DICKINSON CHLORAPREP,,PREP SOLUTION CHLORAPREP™ CLEAR 10.5 ML APPLICATOR 2% / 70% STRENGTH CHG (CHLORHEXIDINE GLUCONATE) / ISOPROPYL ALCOHOL STERILE,8/31/2027,MED-CONSUMABLES,100,1,100,P32457,8.2,1.22,$4.54 ,$453.65 ,$453.65 
BD,BD-930700,BECTON DICKINSON CHLORAPREP,,PREP SOLUTION CHLORAPREP™ CLEAR 10.5 ML APPLICATOR 2% / 70% STRENGTH CHG (CHLORHEXIDINE GLUCONATE) / ISOPROPYL ALCOHOL STERILE,8/31/2027,MED-CONSUMABLES,100,4,400,P32470,8.2,1.22,$4.54 ,"$1,814.60 ","$1,814.60 "
BD,BD-930700,BECTON DICKINSON CHLORAPREP,,PREP SOLUTION CHLORAPREP™ CLEAR 10.5 ML APPLICATOR 2% / 70% STRENGTH CHG (CHLORHEXIDINE GLUCONATE) / ISOPROPYL ALCOHOL STERILE,8/31/2027,MED-CONSUMABLES,100,1,100,P32471,8.2,1.22,$4.54 ,$453.65 ,$453.65 
BD,BD-930715,BECTON DICKINSON CHLORAPREP,,PREP SOLUTION CHLORAPREP™ HI-LITE ORANGE™ 10.5 ML APPLICATOR 2% / 70% STRENGTH CHG (CHLORHEXIDINE GLUCONATE) / ISOPROPYL ALCOHOL STERILE,8/31/2027,MED-CONSUMABLES,100,1,100,P32322,4.06,1.27,$4.85 ,$485.30 ,$485.30 
BD,BD-930715,BECTON DICKINSON CHLORAPREP,,PREP SOLUTION CHLORAPREP™ HI-LITE ORANGE™ 10.5 ML APPLICATOR 2% / 70% STRENGTH CHG (CHLORHEXIDINE GLUCONATE) / ISOPROPYL ALCOHOL STERILE,8/31/2027,MED-CONSUMABLES,100,1,100,P32325,4.06,1.27,$4.85 ,$485.30 ,$485.30 
BD,BD-930715,BECTON DICKINSON CHLORAPREP,,PREP SOLUTION CHLORAPREP™ HI-LITE ORANGE™ 10.5 ML APPLICATOR 2% / 70% STRENGTH CHG (CHLORHEXIDINE GLUCONATE) / ISOPROPYL ALCOHOL STERILE,8/31/2027,MED-CONSUMABLES,100,5,500,P32330,4.06,1.27,$4.85 ,"$2,426.50 ","$2,426.50 "
BD,BD-930715,BECTON DICKINSON CHLORAPREP,,PREP SOLUTION CHLORAPREP™ HI-LITE ORANGE™ 10.5 ML APPLICATOR 2% / 70% STRENGTH CHG (CHLORHEXIDINE GLUCONATE) / ISOPROPYL ALCOHOL STERILE,8/31/2027,MED-CONSUMABLES,100,1,100,P32331,4.06,1.27,$4.85 ,$485.30 ,$485.30 
BD,BD-930715,BECTON DICKINSON CHLORAPREP,,PREP SOLUTION CHLORAPREP™ HI-LITE ORANGE™ 10.5 ML APPLICATOR 2% / 70% STRENGTH CHG (CHLORHEXIDINE GLUCONATE) / ISOPROPYL ALCOHOL STERILE,8/31/2027,MED-CONSUMABLES,100,2,200,P32332,4.06,1.27,$4.85 ,$970.60 ,$970.60 
BD,BD-930715,BECTON DICKINSON CHLORAPREP,,PREP SOLUTION CHLORAPREP™ HI-LITE ORANGE™ 10.5 ML APPLICATOR 2% / 70% STRENGTH CHG (CHLORHEXIDINE GLUCONATE) / ISOPROPYL ALCOHOL STERILE,8/31/2027,MED-CONSUMABLES,100,2,200,P32334,4.06,1.27,$4.85 ,$970.60 ,$970.60 
BD,BD-930715,BECTON DICKINSON CHLORAPREP,,PREP SOLUTION CHLORAPREP™ HI-LITE ORANGE™ 10.5 ML APPLICATOR 2% / 70% STRENGTH CHG (CHLORHEXIDINE GLUCONATE) / ISOPROPYL ALCOHOL STERILE,8/31/2027,MED-CONSUMABLES,100,1,100,P32336,4.06,1.27,$4.85 ,$485.30 ,$485.30 
BD,BD-930715,BECTON DICKINSON CHLORAPREP,,PREP SOLUTION CHLORAPREP™ HI-LITE ORANGE™ 10.5 ML APPLICATOR 2% / 70% STRENGTH CHG (CHLORHEXIDINE GLUCONATE) / ISOPROPYL ALCOHOL STERILE,8/31/2027,MED-CONSUMABLES,100,1,100,P32339,4.06,1.27,$4.85 ,$485.30 ,$485.30 
BD,BD-930715,BECTON DICKINSON CHLORAPREP,,PREP SOLUTION CHLORAPREP™ HI-LITE ORANGE™ 10.5 ML APPLICATOR 2% / 70% STRENGTH CHG (CHLORHEXIDINE GLUCONATE) / ISOPROPYL ALCOHOL STERILE,8/31/2027,MED-CONSUMABLES,100,1,100,P32341,4.06,1.27,$4.85 ,$485.30 ,$485.30 
BD,BD-930715,BECTON DICKINSON CHLORAPREP,,PREP SOLUTION CHLORAPREP™ HI-LITE ORANGE™ 10.5 ML APPLICATOR 2% / 70% STRENGTH CHG (CHLORHEXIDINE GLUCONATE) / ISOPROPYL ALCOHOL STERILE,8/31/2027,MED-CONSUMABLES,100,1,100,P32383,4.06,1.27,$4.85 ,$485.30 ,$485.30 
BD,BD-930715,BECTON DICKINSON CHLORAPREP,,PREP SOLUTION CHLORAPREP™ HI-LITE ORANGE™ 10.5 ML APPLICATOR 2% / 70% STRENGTH CHG (CHLORHEXIDINE GLUCONATE) / ISOPROPYL ALCOHOL STERILE,8/31/2027,MED-CONSUMABLES,100,2,200,P32384,4.06,1.27,$4.85 ,$970.60 ,$970.60 
BD,BD-930715,BECTON DICKINSON CHLORAPREP,,PREP SOLUTION CHLORAPREP™ HI-LITE ORANGE™ 10.5 ML APPLICATOR 2% / 70% STRENGTH CHG (CHLORHEXIDINE GLUCONATE) / ISOPROPYL ALCOHOL STERILE,8/31/2027,MED-CONSUMABLES,100,5,500,P32386,4.06,1.27,$4.85 ,"$2,426.50 ","$2,426.50 "
BD,BD-930715,BECTON DICKINSON CHLORAPREP,,PREP SOLUTION CHLORAPREP™ HI-LITE ORANGE™ 10.5 ML APPLICATOR 2% / 70% STRENGTH CHG (CHLORHEXIDINE GLUCONATE) / ISOPROPYL ALCOHOL STERILE,8/31/2027,MED-CONSUMABLES,100,1,100,P32388,4.06,1.27,$4.85 ,$485.30 ,$485.30 
BD,BD-930715,BECTON DICKINSON CHLORAPREP,,PREP SOLUTION CHLORAPREP™ HI-LITE ORANGE™ 10.5 ML APPLICATOR 2% / 70% STRENGTH CHG (CHLORHEXIDINE GLUCONATE) / ISOPROPYL ALCOHOL STERILE,8/31/2027,MED-CONSUMABLES,100,3,300,P32389,4.06,1.27,$4.85 ,"$1,455.90 ","$1,455.90 "
BD,BD-930715,BECTON DICKINSON CHLORAPREP,,PREP SOLUTION CHLORAPREP™ HI-LITE ORANGE™ 10.5 ML APPLICATOR 2% / 70% STRENGTH CHG (CHLORHEXIDINE GLUCONATE) / ISOPROPYL ALCOHOL STERILE,8/31/2027,MED-CONSUMABLES,100,1,100,P32391,4.06,1.27,$4.85 ,$485.30 ,$485.30 
BD,BD-930715,BECTON DICKINSON CHLORAPREP,,PREP SOLUTION CHLORAPREP™ HI-LITE ORANGE™ 10.5 ML APPLICATOR 2% / 70% STRENGTH CHG (CHLORHEXIDINE GLUCONATE) / ISOPROPYL ALCOHOL STERILE,8/31/2027,MED-CONSUMABLES,100,1,100,P32394,4.06,1.27,$4.85 ,$485.30 ,$485.30 
BD,BD-930715,BECTON DICKINSON CHLORAPREP,,PREP SOLUTION CHLORAPREP™ HI-LITE ORANGE™ 10.5 ML APPLICATOR 2% / 70% STRENGTH CHG (CHLORHEXIDINE GLUCONATE) / ISOPROPYL ALCOHOL STERILE,8/31/2027,MED-CONSUMABLES,100,3,300,P32395,4.06,1.27,$4.85 ,"$1,455.90 ","$1,455.90 "
BD,BD-930715,BECTON DICKINSON CHLORAPREP,,PREP SOLUTION CHLORAPREP™ HI-LITE ORANGE™ 10.5 ML APPLICATOR 2% / 70% STRENGTH CHG (CHLORHEXIDINE GLUCONATE) / ISOPROPYL ALCOHOL STERILE,8/31/2027,MED-CONSUMABLES,100,1,100,P32405,4.06,1.27,$4.85 ,$485.30 ,$485.30 
BD,BD-930715,BECTON DICKINSON CHLORAPREP,,PREP SOLUTION CHLORAPREP™ HI-LITE ORANGE™ 10.5 ML APPLICATOR 2% / 70% STRENGTH CHG (CHLORHEXIDINE GLUCONATE) / ISOPROPYL ALCOHOL STERILE,8/31/2027,MED-CONSUMABLES,100,1,100,P32411,4.06,1.27,$4.85 ,$485.30 ,$485.30 
BD,BD-930715,BECTON DICKINSON CHLORAPREP,,PREP SOLUTION CHLORAPREP™ HI-LITE ORANGE™ 10.5 ML APPLICATOR 2% / 70% STRENGTH CHG (CHLORHEXIDINE GLUCONATE) / ISOPROPYL ALCOHOL STERILE,8/31/2027,MED-CONSUMABLES,100,1,100,P32452,4.06,1.27,$4.85 ,$485.30 ,$485.30 
BD,BD-930715,BECTON DICKINSON CHLORAPREP,,PREP SOLUTION CHLORAPREP™ HI-LITE ORANGE™ 10.5 ML APPLICATOR 2% / 70% STRENGTH CHG (CHLORHEXIDINE GLUCONATE) / ISOPROPYL ALCOHOL STERILE,8/31/2027,MED-CONSUMABLES,100,2,200,P32472,4.06,1.27,$4.85 ,$970.60 ,$970.60 
BD,BD-930715,BECTON DICKINSON CHLORAPREP,,PREP SOLUTION CHLORAPREP™ HI-LITE ORANGE™ 10.5 ML APPLICATOR 2% / 70% STRENGTH CHG (CHLORHEXIDINE GLUCONATE) / ISOPROPYL ALCOHOL STERILE,8/31/2027,MED-CONSUMABLES,100,1,100,P32494,8.2,1.27,$4.85 ,$485.30 ,$485.30 
BD,BD-930725,BECTON DICKINSON CHLORAPREP SCRUB TEAL,,PREP SOLUTION CHLORAPREP™ SCRUB TEAL™ 10.5 ML APPLICATOR 2% / 70% STRENGTH CHG (CHLORHEXIDINE GLUCONATE) / ISOPROPYL ALCOHOL,8/31/2027,MED-CONSUMABLES,100,2,200,P32392,4.8,1.22,$4.85 ,$970.60 ,$970.60 
BD,BD-930415,BECTON DICKINSON CHLORAPREP,,PREP SOLUTION CHLORAPREP™ HI-LITE ORANGE™ 3 ML APPLICATOR 2% / 70% STRENGTH CHG (CHLORHEXIDINE GLUCONATE) / ISOPROPYL ALCOHOL STERILE,9/30/2027,MED-CONSUMABLES,100,1,100,P32459,4.8,1.22,$1.37 ,$137.15 ,$137.15 
BD,BD-930400,BECTON DICKINSON CHLORAPREP,,PREP SOLUTION CHLORAPREP™ CLEAR 3 ML APPLICATOR 2% / 70% STRENGTH CHG (CHLORHEXIDINE GLUCONATE) / ISOPROPYL ALCOHOL STERILE,9/30/2027,MED-CONSUMABLES,100,1,100,P32323,4.6,1.22,$1.32 ,$131.88 ,$131.88 
BD,BD-930400,BECTON DICKINSON CHLORAPREP,,PREP SOLUTION CHLORAPREP™ CLEAR 3 ML APPLICATOR 2% / 70% STRENGTH CHG (CHLORHEXIDINE GLUCONATE) / ISOPROPYL ALCOHOL STERILE,9/30/2027,MED-CONSUMABLES,100,1,100,P32329,4.6,1.22,$1.32 ,$131.88 ,$131.88 
BD,BD-930400,BECTON DICKINSON CHLORAPREP,,PREP SOLUTION CHLORAPREP™ CLEAR 3 ML APPLICATOR 2% / 70% STRENGTH CHG (CHLORHEXIDINE GLUCONATE) / ISOPROPYL ALCOHOL STERILE,9/30/2027,MED-CONSUMABLES,100,3,300,P32422,4.6,1.22,$1.32 ,$395.64 ,$395.64 
BD,BD-930400,BECTON DICKINSON CHLORAPREP,,PREP SOLUTION CHLORAPREP™ CLEAR 3 ML APPLICATOR 2% / 70% STRENGTH CHG (CHLORHEXIDINE GLUCONATE) / ISOPROPYL ALCOHOL STERILE,9/30/2027,MED-CONSUMABLES,100,1,100,P32438,4.6,1.22,$1.32 ,$131.88 ,$131.88 
BD,BD-930400,BECTON DICKINSON CHLORAPREP,,PREP SOLUTION CHLORAPREP™ CLEAR 3 ML APPLICATOR 2% / 70% STRENGTH CHG (CHLORHEXIDINE GLUCONATE) / ISOPROPYL ALCOHOL STERILE,9/30/2027,MED-CONSUMABLES,100,1,100,P32439,4.6,1.22,$1.32 ,$131.88 ,$131.88 
BD,BD-930400,BECTON DICKINSON CHLORAPREP,,PREP SOLUTION CHLORAPREP™ CLEAR 3 ML APPLICATOR 2% / 70% STRENGTH CHG (CHLORHEXIDINE GLUCONATE) / ISOPROPYL ALCOHOL STERILE,9/30/2027,MED-CONSUMABLES,100,1,100,P32440,4.6,1.22,$1.32 ,$131.88 ,$131.88 
BD,BD-930400,BECTON DICKINSON CHLORAPREP,,PREP SOLUTION CHLORAPREP™ CLEAR 3 ML APPLICATOR 2% / 70% STRENGTH CHG (CHLORHEXIDINE GLUCONATE) / ISOPROPYL ALCOHOL STERILE,9/30/2027,MED-CONSUMABLES,100,3,300,P32444,4.6,1.22,$1.32 ,$395.64 ,$395.64 
BD,BD-930400,BECTON DICKINSON CHLORAPREP,,PREP SOLUTION CHLORAPREP™ CLEAR 3 ML APPLICATOR 2% / 70% STRENGTH CHG (CHLORHEXIDINE GLUCONATE) / ISOPROPYL ALCOHOL STERILE,9/30/2027,MED-CONSUMABLES,100,1,100,P32445,4.6,1.22,$1.32 ,$131.88 ,$131.88 
BD,BD-930400,BECTON DICKINSON CHLORAPREP,,PREP SOLUTION CHLORAPREP™ CLEAR 3 ML APPLICATOR 2% / 70% STRENGTH CHG (CHLORHEXIDINE GLUCONATE) / ISOPROPYL ALCOHOL STERILE,9/30/2027,MED-CONSUMABLES,100,1,100,P32447,4.6,1.22,$1.32 ,$131.88 ,$131.88 
BD,BD-930400,BECTON DICKINSON CHLORAPREP,,PREP SOLUTION CHLORAPREP™ CLEAR 3 ML APPLICATOR 2% / 70% STRENGTH CHG (CHLORHEXIDINE GLUCONATE) / ISOPROPYL ALCOHOL STERILE,9/30/2027,MED-CONSUMABLES,100,9,900,P32458,4.6,1.22,$1.32 ,"$1,186.92 ","$1,186.92 "
BD,BD-930400,BECTON DICKINSON CHLORAPREP,,PREP SOLUTION CHLORAPREP™ CLEAR 3 ML APPLICATOR 2% / 70% STRENGTH CHG (CHLORHEXIDINE GLUCONATE) / ISOPROPYL ALCOHOL STERILE,9/30/2027,MED-CONSUMABLES,100,1,100,P32465,4.6,1.22,$1.32 ,$131.88 ,$131.88 
BD,BD-930400,BECTON DICKINSON CHLORAPREP,,PREP SOLUTION CHLORAPREP™ CLEAR 3 ML APPLICATOR 2% / 70% STRENGTH CHG (CHLORHEXIDINE GLUCONATE) / ISOPROPYL ALCOHOL STERILE,9/30/2027,MED-CONSUMABLES,100,3,300,P32468,4.6,1.22,$1.32 ,$395.64 ,$395.64 
BD,BD-930400,BECTON DICKINSON CHLORAPREP,,PREP SOLUTION CHLORAPREP™ CLEAR 3 ML APPLICATOR 2% / 70% STRENGTH CHG (CHLORHEXIDINE GLUCONATE) / ISOPROPYL ALCOHOL STERILE,9/30/2027,MED-CONSUMABLES,100,8,800,P32474,4.6,1.22,$1.32 ,"$1,055.04 ","$1,055.04 "
BD,BD-930400,BECTON DICKINSON CHLORAPREP,,PREP SOLUTION CHLORAPREP™ CLEAR 3 ML APPLICATOR 2% / 70% STRENGTH CHG (CHLORHEXIDINE GLUCONATE) / ISOPROPYL ALCOHOL STERILE,9/30/2027,MED-CONSUMABLES,100,2,200,P32475,4.6,1.22,$1.32 ,$263.76 ,$263.76 
BD,BD-930400,BECTON DICKINSON CHLORAPREP,,PREP SOLUTION CHLORAPREP™ CLEAR 3 ML APPLICATOR 2% / 70% STRENGTH CHG (CHLORHEXIDINE GLUCONATE) / ISOPROPYL ALCOHOL STERILE,9/30/2027,MED-CONSUMABLES,100,2,200,P32476,4.6,1.22,$1.32 ,$263.76 ,$263.76 
BD,BD-930400,BECTON DICKINSON CHLORAPREP,,PREP SOLUTION CHLORAPREP™ CLEAR 3 ML APPLICATOR 2% / 70% STRENGTH CHG (CHLORHEXIDINE GLUCONATE) / ISOPROPYL ALCOHOL STERILE,9/30/2027,MED-CONSUMABLES,100,7,700,P32479,4.6,1.22,$1.32 ,$923.16 ,$923.16 
BD,BD-930400,BECTON DICKINSON CHLORAPREP,,PREP SOLUTION CHLORAPREP™ CLEAR 3 ML APPLICATOR 2% / 70% STRENGTH CHG (CHLORHEXIDINE GLUCONATE) / ISOPROPYL ALCOHOL STERILE,9/30/2027,MED-CONSUMABLES,100,1,100,P32481,4.6,1.22,$1.32 ,$131.88 ,$131.88 
BD,BD-930400,BECTON DICKINSON CHLORAPREP,,PREP SOLUTION CHLORAPREP™ CLEAR 3 ML APPLICATOR 2% / 70% STRENGTH CHG (CHLORHEXIDINE GLUCONATE) / ISOPROPYL ALCOHOL STERILE,9/30/2027,MED-CONSUMABLES,100,2,200,P32485,4.6,1.22,$1.32 ,$263.76 ,$263.76 
BD,BD-930400,BECTON DICKINSON CHLORAPREP,,PREP SOLUTION CHLORAPREP™ CLEAR 3 ML APPLICATOR 2% / 70% STRENGTH CHG (CHLORHEXIDINE GLUCONATE) / ISOPROPYL ALCOHOL STERILE,9/30/2027,MED-CONSUMABLES,100,1,100,P32487,4.6,1.22,$1.32 ,$131.88 ,$131.88 
BD,BD-930400,BECTON DICKINSON CHLORAPREP,,PREP SOLUTION CHLORAPREP™ CLEAR 3 ML APPLICATOR 2% / 70% STRENGTH CHG (CHLORHEXIDINE GLUCONATE) / ISOPROPYL ALCOHOL STERILE,9/30/2027,MED-CONSUMABLES,100,1,100,P32492,4.6,1.22,$1.32 ,$131.88 ,$131.88 
BD,BD-930400,BECTON DICKINSON CHLORAPREP,,PREP SOLUTION CHLORAPREP™ CLEAR 3 ML APPLICATOR 2% / 70% STRENGTH CHG (CHLORHEXIDINE GLUCONATE) / ISOPROPYL ALCOHOL STERILE,9/30/2027,MED-CONSUMABLES,100,1,100,P32504,4.6,1.22,$1.32 ,$131.88 ,$131.88 
BD,BD-930415,BECTON DICKINSON CHLORAPREP,,PREP SOLUTION CHLORAPREP™ HI-LITE ORANGE™ 3 ML APPLICATOR 2% / 70% STRENGTH CHG (CHLORHEXIDINE GLUCONATE) / ISOPROPYL ALCOHOL STERILE,9/30/2027,MED-CONSUMABLES,100,6,600,P32430,4.8,1.22,$1.37 ,$822.90 ,$822.90 
BD,BD-930415,BECTON DICKINSON CHLORAPREP,,PREP SOLUTION CHLORAPREP™ HI-LITE ORANGE™ 3 ML APPLICATOR 2% / 70% STRENGTH CHG (CHLORHEXIDINE GLUCONATE) / ISOPROPYL ALCOHOL STERILE,9/30/2027,MED-CONSUMABLES,100,6,600,P32450,4.8,1.22,$1.37 ,$822.90 ,$822.90 
BD,BD-930415,BECTON DICKINSON CHLORAPREP,,PREP SOLUTION CHLORAPREP™ HI-LITE ORANGE™ 3 ML APPLICATOR 2% / 70% STRENGTH CHG (CHLORHEXIDINE GLUCONATE) / ISOPROPYL ALCOHOL STERILE,9/30/2027,MED-CONSUMABLES,100,1,100,P32496,4.6,1.22,$1.37 ,$137.15 ,$137.15 
BD,BD-930415,BECTON DICKINSON CHLORAPREP,,PREP SOLUTION CHLORAPREP™ HI-LITE ORANGE™ 3 ML APPLICATOR 2% / 70% STRENGTH CHG (CHLORHEXIDINE GLUCONATE) / ISOPROPYL ALCOHOL STERILE,9/30/2027,MED-CONSUMABLES,100,1,100,P32499,4.6,1.22,$1.37 ,$137.15 ,$137.15 
BD,BD-930500NSB,BECTON DICKINSON CHLORAPREP,,PREP SOLUTION CHLORAPREP™ CLEAR 3 ML APPLICATOR 2% / 70% STRENGTH CHG (CHLORHEXIDINE GLUCONATE) / ISOPROPYL ALCOHOL NON-STERILE BULK,9/30/2027,MED-CONSUMABLES,250,1,250,P32477,6.25,1.3,$1.32 ,$329.70 ,$329.70 
BD,BD-930500NSB,BECTON DICKINSON CHLORAPREP,,PREP SOLUTION CHLORAPREP™ CLEAR 3 ML APPLICATOR 2% / 70% STRENGTH CHG (CHLORHEXIDINE GLUCONATE) / ISOPROPYL ALCOHOL NON-STERILE BULK,9/30/2027,MED-CONSUMABLES,250,1,250,P32482,6.25,1.3,$1.32 ,$329.70 ,$329.70 
BD,BD-930700,BECTON DICKINSON CHLORAPREP,,PREP SOLUTION CHLORAPREP™ CLEAR 10.5 ML APPLICATOR 2% / 70% STRENGTH CHG (CHLORHEXIDINE GLUCONATE) / ISOPROPYL ALCOHOL STERILE,9/30/2027,MED-CONSUMABLES,100,4,400,P32435,8.2,1.22,$4.54 ,"$1,814.60 ","$1,814.60 "
BD,BD-930700,BECTON DICKINSON CHLORAPREP,,PREP SOLUTION CHLORAPREP™ CLEAR 10.5 ML APPLICATOR 2% / 70% STRENGTH CHG (CHLORHEXIDINE GLUCONATE) / ISOPROPYL ALCOHOL STERILE,9/30/2027,MED-CONSUMABLES,100,3,300,P32436,8.2,1.22,$4.54 ,"$1,360.95 ","$1,360.95 "
BD,BD-930700,BECTON DICKINSON CHLORAPREP,,PREP SOLUTION CHLORAPREP™ CLEAR 10.5 ML APPLICATOR 2% / 70% STRENGTH CHG (CHLORHEXIDINE GLUCONATE) / ISOPROPYL ALCOHOL STERILE,9/30/2027,MED-CONSUMABLES,100,1,100,P32441,8.2,1.22,$4.54 ,$453.65 ,$453.65 
BD,BD-930700,BECTON DICKINSON CHLORAPREP,,PREP SOLUTION CHLORAPREP™ CLEAR 10.5 ML APPLICATOR 2% / 70% STRENGTH CHG (CHLORHEXIDINE GLUCONATE) / ISOPROPYL ALCOHOL STERILE,9/30/2027,MED-CONSUMABLES,100,3,300,P32480,8.2,1.22,$4.54 ,"$1,360.95 ","$1,360.95 "
BD,BD-930715,BECTON DICKINSON CHLORAPREP,,PREP SOLUTION CHLORAPREP™ HI-LITE ORANGE™ 10.5 ML APPLICATOR 2% / 70% STRENGTH CHG (CHLORHEXIDINE GLUCONATE) / ISOPROPYL ALCOHOL STERILE,9/30/2027,MED-CONSUMABLES,100,1,100,P32434,4.06,1.27,$4.85 ,$485.30 ,$485.30 
BD,BD-930715,BECTON DICKINSON CHLORAPREP,,PREP SOLUTION CHLORAPREP™ HI-LITE ORANGE™ 10.5 ML APPLICATOR 2% / 70% STRENGTH CHG (CHLORHEXIDINE GLUCONATE) / ISOPROPYL ALCOHOL STERILE,9/30/2027,MED-CONSUMABLES,100,2,200,P32442,4.06,1.27,$4.85 ,$970.60 ,$970.60 
BD,BD-930715,BECTON DICKINSON CHLORAPREP,,PREP SOLUTION CHLORAPREP™ HI-LITE ORANGE™ 10.5 ML APPLICATOR 2% / 70% STRENGTH CHG (CHLORHEXIDINE GLUCONATE) / ISOPROPYL ALCOHOL STERILE,9/30/2027,MED-CONSUMABLES,100,1,100,P32448,4.06,1.27,$4.85 ,$485.30 ,$485.30 
BD,BD-930715,BECTON DICKINSON CHLORAPREP,,PREP SOLUTION CHLORAPREP™ HI-LITE ORANGE™ 10.5 ML APPLICATOR 2% / 70% STRENGTH CHG (CHLORHEXIDINE GLUCONATE) / ISOPROPYL ALCOHOL STERILE,9/30/2027,MED-CONSUMABLES,100,1,100,P32463,4.06,1.27,$4.85 ,$485.30 ,$485.30 
BD,BD-930715,BECTON DICKINSON CHLORAPREP,,PREP SOLUTION CHLORAPREP™ HI-LITE ORANGE™ 10.5 ML APPLICATOR 2% / 70% STRENGTH CHG (CHLORHEXIDINE GLUCONATE) / ISOPROPYL ALCOHOL STERILE,9/30/2027,MED-CONSUMABLES,100,1,100,P32473,8.2,1.27,$4.85 ,$485.30 ,$485.30 
BD,BD-930715,BECTON DICKINSON CHLORAPREP,,PREP SOLUTION CHLORAPREP™ HI-LITE ORANGE™ 10.5 ML APPLICATOR 2% / 70% STRENGTH CHG (CHLORHEXIDINE GLUCONATE) / ISOPROPYL ALCOHOL STERILE,9/30/2027,MED-CONSUMABLES,100,1,100,P32478,8.2,1.27,$4.85 ,$485.30 ,$485.30 
BD,BD-930715,BECTON DICKINSON CHLORAPREP,,PREP SOLUTION CHLORAPREP™ HI-LITE ORANGE™ 10.5 ML APPLICATOR 2% / 70% STRENGTH CHG (CHLORHEXIDINE GLUCONATE) / ISOPROPYL ALCOHOL STERILE,9/30/2027,MED-CONSUMABLES,100,3,300,P32488,8.2,1.27,$4.85 ,"$1,455.90 ","$1,455.90 "
BD,BD-930715,BECTON DICKINSON CHLORAPREP,,PREP SOLUTION CHLORAPREP™ HI-LITE ORANGE™ 10.5 ML APPLICATOR 2% / 70% STRENGTH CHG (CHLORHEXIDINE GLUCONATE) / ISOPROPYL ALCOHOL STERILE,9/30/2027,MED-CONSUMABLES,100,4,400,P32490,8.2,1.27,$4.85 ,"$1,941.20 ","$1,941.20 "
BD,BD-930715,BECTON DICKINSON CHLORAPREP,,PREP SOLUTION CHLORAPREP™ HI-LITE ORANGE™ 10.5 ML APPLICATOR 2% / 70% STRENGTH CHG (CHLORHEXIDINE GLUCONATE) / ISOPROPYL ALCOHOL STERILE,9/30/2027,MED-CONSUMABLES,100,1,100,P32493,8.2,1.27,$4.85 ,$485.30 ,$485.30 
BD,BD-930715,BECTON DICKINSON CHLORAPREP,,PREP SOLUTION CHLORAPREP™ HI-LITE ORANGE™ 10.5 ML APPLICATOR 2% / 70% STRENGTH CHG (CHLORHEXIDINE GLUCONATE) / ISOPROPYL ALCOHOL STERILE,9/30/2027,MED-CONSUMABLES,100,1,100,P32495,8.2,1.27,$4.85 ,$485.30 ,$485.30 
BD,BD-930715,BECTON DICKINSON CHLORAPREP,,PREP SOLUTION CHLORAPREP™ HI-LITE ORANGE™ 10.5 ML APPLICATOR 2% / 70% STRENGTH CHG (CHLORHEXIDINE GLUCONATE) / ISOPROPYL ALCOHOL STERILE,9/30/2027,MED-CONSUMABLES,100,1,100,P32497,8.2,1.27,$4.85 ,$485.30 ,$485.30 
BD,BD-930715,BECTON DICKINSON CHLORAPREP,,PREP SOLUTION CHLORAPREP™ HI-LITE ORANGE™ 10.5 ML APPLICATOR 2% / 70% STRENGTH CHG (CHLORHEXIDINE GLUCONATE) / ISOPROPYL ALCOHOL STERILE,9/30/2027,MED-CONSUMABLES,100,1,100,P32498,8.2,1.27,$4.85 ,$485.30 ,$485.30 
BD,BD-930715,BECTON DICKINSON CHLORAPREP,,PREP SOLUTION CHLORAPREP™ HI-LITE ORANGE™ 10.5 ML APPLICATOR 2% / 70% STRENGTH CHG (CHLORHEXIDINE GLUCONATE) / ISOPROPYL ALCOHOL STERILE,9/30/2027,MED-CONSUMABLES,100,3,300,P32505,8.2,1.27,$4.85 ,"$1,455.90 ","$1,455.90 "
BD,BD-930715,BECTON DICKINSON CHLORAPREP,,PREP SOLUTION CHLORAPREP™ HI-LITE ORANGE™ 10.5 ML APPLICATOR 2% / 70% STRENGTH CHG (CHLORHEXIDINE GLUCONATE) / ISOPROPYL ALCOHOL STERILE,9/30/2027,MED-CONSUMABLES,100,3,300,P32507,8.2,1.27,$4.85 ,"$1,455.90 ","$1,455.90 "
BD,BD-930715,BECTON DICKINSON CHLORAPREP,,PREP SOLUTION CHLORAPREP™ HI-LITE ORANGE™ 10.5 ML APPLICATOR 2% / 70% STRENGTH CHG (CHLORHEXIDINE GLUCONATE) / ISOPROPYL ALCOHOL STERILE,9/30/2027,MED-CONSUMABLES,100,1,100,P32508,8.2,1.27,$4.85 ,$485.30 ,$485.30 
BD,BD-930725,BECTON DICKINSON CHLORAPREP SCRUB TEAL,,PREP SOLUTION CHLORAPREP™ SCRUB TEAL™ 10.5 ML APPLICATOR 2% / 70% STRENGTH CHG (CHLORHEXIDINE GLUCONATE) / ISOPROPYL ALCOHOL,9/30/2027,MED-CONSUMABLES,100,3,300,P32446,4.8,1.22,$4.85 ,"$1,455.90 ","$1,455.90 "
BD,BD-930725,BECTON DICKINSON CHLORAPREP SCRUB TEAL,,PREP SOLUTION CHLORAPREP™ SCRUB TEAL™ 10.5 ML APPLICATOR 2% / 70% STRENGTH CHG (CHLORHEXIDINE GLUCONATE) / ISOPROPYL ALCOHOL,9/30/2027,MED-CONSUMABLES,100,1,100,P32456,4.8,1.22,$4.85 ,$485.30 ,$485.30 
BD,BD-930725,BECTON DICKINSON CHLORAPREP SCRUB TEAL,,PREP SOLUTION CHLORAPREP™ SCRUB TEAL™ 10.5 ML APPLICATOR 2% / 70% STRENGTH CHG (CHLORHEXIDINE GLUCONATE) / ISOPROPYL ALCOHOL,9/30/2027,MED-CONSUMABLES,100,4,400,P32502,4.8,1.22,$4.85 ,"$1,941.20 ","$1,941.20 "
BD,BD-930725,BECTON DICKINSON CHLORAPREP SCRUB TEAL,,PREP SOLUTION CHLORAPREP™ SCRUB TEAL™ 10.5 ML APPLICATOR 2% / 70% STRENGTH CHG (CHLORHEXIDINE GLUCONATE) / ISOPROPYL ALCOHOL,9/30/2027,MED-CONSUMABLES,100,1,100,P32509,4.8,1.22,$4.85 ,$485.30 ,$485.30 
BD,BD-930400,BECTON DICKINSON CHLORAPREP,,PREP SOLUTION CHLORAPREP™ CLEAR 3 ML APPLICATOR 2% / 70% STRENGTH CHG (CHLORHEXIDINE GLUCONATE) / ISOPROPYL ALCOHOL STERILE,10/31/2027,MED-CONSUMABLES,100,7,700,P32420,4.6,1.22,$1.32 ,$923.16 ,$923.16 
BD,BD-930400,BECTON DICKINSON CHLORAPREP,,PREP SOLUTION CHLORAPREP™ CLEAR 3 ML APPLICATOR 2% / 70% STRENGTH CHG (CHLORHEXIDINE GLUCONATE) / ISOPROPYL ALCOHOL STERILE,10/31/2027,MED-CONSUMABLES,100,7,700,P32421,4.6,1.22,$1.32 ,$923.16 ,$923.16 
BD,BD-930400,BECTON DICKINSON CHLORAPREP,,PREP SOLUTION CHLORAPREP™ CLEAR 3 ML APPLICATOR 2% / 70% STRENGTH CHG (CHLORHEXIDINE GLUCONATE) / ISOPROPYL ALCOHOL STERILE,10/31/2027,MED-CONSUMABLES,100,1,100,P32426,4.6,1.22,$1.32 ,$131.88 ,$131.88 
BD,BD-930400,BECTON DICKINSON CHLORAPREP,,PREP SOLUTION CHLORAPREP™ CLEAR 3 ML APPLICATOR 2% / 70% STRENGTH CHG (CHLORHEXIDINE GLUCONATE) / ISOPROPYL ALCOHOL STERILE,10/31/2027,MED-CONSUMABLES,100,1,100,P32431,4.6,1.22,$1.32 ,$131.88 ,$131.88 
BD,BD-930400,BECTON DICKINSON CHLORAPREP,,PREP SOLUTION CHLORAPREP™ CLEAR 3 ML APPLICATOR 2% / 70% STRENGTH CHG (CHLORHEXIDINE GLUCONATE) / ISOPROPYL ALCOHOL STERILE,10/31/2027,MED-CONSUMABLES,100,2,200,P32432,4.6,1.22,$1.32 ,$263.76 ,$263.76 
BD,BD-930415,BECTON DICKINSON CHLORAPREP,,PREP SOLUTION CHLORAPREP™ HI-LITE ORANGE™ 3 ML APPLICATOR 2% / 70% STRENGTH CHG (CHLORHEXIDINE GLUCONATE) / ISOPROPYL ALCOHOL STERILE,10/31/2027,MED-CONSUMABLES,100,4,400,P32419,4.8,1.22,$1.37 ,$548.60 ,$548.60 
BD,BD-930415,BECTON DICKINSON CHLORAPREP,,PREP SOLUTION CHLORAPREP™ HI-LITE ORANGE™ 3 ML APPLICATOR 2% / 70% STRENGTH CHG (CHLORHEXIDINE GLUCONATE) / ISOPROPYL ALCOHOL STERILE,10/31/2027,MED-CONSUMABLES,100,1,100,P32428,4.8,1.22,$1.37 ,$137.15 ,$137.15 
BD,BD-930415NSB,BECTON DICKINSON CHLORAPREP,,PREP SOLUTION CHLORAPREP™ HI-LITE ORANGE™ 3 ML APPLICATOR 2% / 70% STRENGTH CHG (CHLORHEXIDINE GLUCONATE) / ISOPROPYL ALCOHOL STERILE,10/31/2027,MED-CONSUMABLES,250,1,250,P32429,6.25,1.21,$1.37 ,$342.50 ,$342.50 
BD,BD-930700,BECTON DICKINSON CHLORAPREP,,PREP SOLUTION CHLORAPREP™ CLEAR 10.5 ML APPLICATOR 2% / 70% STRENGTH CHG (CHLORHEXIDINE GLUCONATE) / ISOPROPYL ALCOHOL STERILE,10/31/2027,MED-CONSUMABLES,100,3,300,P32443,8.2,1.22,$4.54 ,"$1,360.95 ","$1,360.95 "
BD,BD-930715,BECTON DICKINSON CHLORAPREP,,PREP SOLUTION CHLORAPREP™ HI-LITE ORANGE™ 10.5 ML APPLICATOR 2% / 70% STRENGTH CHG (CHLORHEXIDINE GLUCONATE) / ISOPROPYL ALCOHOL STERILE,10/31/2027,MED-CONSUMABLES,100,2,200,P32423,4.06,1.27,$4.85 ,$970.60 ,$970.60 
BD,BD-930715,BECTON DICKINSON CHLORAPREP,,PREP SOLUTION CHLORAPREP™ HI-LITE ORANGE™ 10.5 ML APPLICATOR 2% / 70% STRENGTH CHG (CHLORHEXIDINE GLUCONATE) / ISOPROPYL ALCOHOL STERILE,10/31/2027,MED-CONSUMABLES,100,1,100,P32425,4.06,1.27,$4.85 ,$485.30 ,$485.30 
BD,BD-930715,BECTON DICKINSON CHLORAPREP,,PREP SOLUTION CHLORAPREP™ HI-LITE ORANGE™ 10.5 ML APPLICATOR 2% / 70% STRENGTH CHG (CHLORHEXIDINE GLUCONATE) / ISOPROPYL ALCOHOL STERILE,10/31/2027,MED-CONSUMABLES,100,1,100,P32427,4.06,1.27,$4.85 ,$485.30 ,$485.30 
BD,BD-930725,BECTON DICKINSON CHLORAPREP SCRUB TEAL,,PREP SOLUTION CHLORAPREP™ SCRUB TEAL™ 10.5 ML APPLICATOR 2% / 70% STRENGTH CHG (CHLORHEXIDINE GLUCONATE) / ISOPROPYL ALCOHOL,10/31/2027,MED-CONSUMABLES,100,1,100,P32424,4.8,1.22,$4.85 ,$485.30 ,$485.30 
BD,BD-930725,BECTON DICKINSON CHLORAPREP SCRUB TEAL,,PREP SOLUTION CHLORAPREP™ SCRUB TEAL™ 10.5 ML APPLICATOR 2% / 70% STRENGTH CHG (CHLORHEXIDINE GLUCONATE) / ISOPROPYL ALCOHOL,10/31/2027,MED-CONSUMABLES,100,3,300,P32433,4.8,1.22,$4.85 ,"$1,455.90 ","$1,455.90 "
BD,BD-930725,BECTON DICKINSON CHLORAPREP SCRUB TEAL,,PREP SOLUTION CHLORAPREP™ SCRUB TEAL™ 10.5 ML APPLICATOR 2% / 70% STRENGTH CHG (CHLORHEXIDINE GLUCONATE) / ISOPROPYL ALCOHOL,10/31/2027,MED-CONSUMABLES,100,1,100,P32449,4.8,1.22,$4.85 ,$485.30 ,$485.30 
ANON,BD-309604,"BD LUER-LOK TIP SYRINGE, DISPOSABLE . HAS 1/5 ML GRADUATION",,"SYRINGE 10ML LL STERILE 10 ML BD LUER-LOK TIP SYRINGE, DISPOSABLE . HAS 1/5 ML GRADUATION",11/30/2028,MED-CONSUMABLES,400,1,400,P33539,9.5,1.84,$0.18 ,$72.03 ,$72.03 
ANON,BD-309604,"BD LUER-LOK TIP SYRINGE, DISPOSABLE . HAS 1/5 ML GRADUATION",,"SYRINGE 10ML LL STERILE 10 ML BD LUER-LOK TIP SYRINGE, DISPOSABLE . HAS 1/5 ML GRADUATION",1/31/2029,MED-CONSUMABLES,400,3,"1,200",P33546,9.5,1.84,$0.18 ,$216.09 ,$216.09 
ANON,BD-309581,"3 ML BD LUER-LOK SYRINGE WITH 25 G X 1 IN. BD PRECISIONGLIDE NEEDLE COMBINATION. REGULAR BEVEL, REGULAR WALL. (INDIVIDUAL ITEMS PACKAGED TOGETHER). DETACHABLE NEEDLE.",,SYRINGE 3ML LL W/NDL 25X1 RB,4/30/2029,MED-CONSUMABLES,800,1,800,P33552,12.05,1.88,$0.13 ,$107.20 ,$107.20 
ANON,BD-309604,"BD LUER-LOK TIP SYRINGE, DISPOSABLE . HAS 1/5 ML GRADUATION",,"SYRINGE 10ML LL STERILE 10 ML BD LUER-LOK TIP SYRINGE, DISPOSABLE . HAS 1/5 ML GRADUATION",4/30/2029,MED-CONSUMABLES,400,1,400,P33550,9.5,1.84,$0.18 ,$72.03 ,$72.03 
ANON,BD-309604,"BD LUER-LOK TIP SYRINGE, DISPOSABLE . HAS 1/5 ML GRADUATION",,"SYRINGE 10ML LL STERILE 10 ML BD LUER-LOK TIP SYRINGE, DISPOSABLE . HAS 1/5 ML GRADUATION",4/30/2029,MED-CONSUMABLES,400,1,400,P33551,9.5,1.84,$0.18 ,$72.03 ,$72.03 
ANON,BD-309642-20,"BD LUER-LOK TIP SYRINGE, DISPOSABLE, PRECISIONGLIDE NEEDLE",,"SYRINGE  10ML LL STERILE BD LUER-LOK TIP SYRINGE, DISPOSABLE, PRECISIONGLIDE NEEDLE",4/30/2029,MED-CONSUMABLES,400,1,400,P33541,10.1,1.52,$0.35 ,$139.72 ,$139.72 
ANON,BD-309642-20,"BD LUER-LOK TIP SYRINGE, DISPOSABLE, PRECISIONGLIDE NEEDLE",,"SYRINGE  10ML LL STERILE BD LUER-LOK TIP SYRINGE, DISPOSABLE, PRECISIONGLIDE NEEDLE",4/30/2029,MED-CONSUMABLES,400,1,400,P33556,10.1,1.52,$0.35 ,$139.72 ,$139.72 
ANON,BD-309642,"10 ML BD LUER-LOK SYRINGE WITH 21 G X 1 IN. BD PRECISIONGLIDE NEEDLE, REGULAR BEVEL, REGULAR WALL. DETACHABLE NEEDLE",,SYRINGE 10ML LL W/NDL 21X1 NEEDLE,5/31/2029,MED-CONSUMABLES,400,1,400,P32714,11.3,1.56,$0.26 ,$103.60 ,$103.60 
ANON,BD-309642-20,"BD LUER-LOK TIP SYRINGE, DISPOSABLE, PRECISIONGLIDE NEEDLE",,"SYRINGE  10ML LL STERILE BD LUER-LOK TIP SYRINGE, DISPOSABLE, PRECISIONGLIDE NEEDLE",5/31/2029,MED-CONSUMABLES,400,3,"1,200",P33562,10.1,1.52,$0.35 ,$419.16 ,$419.16 
ANON,BD-309642-20,"BD LUER-LOK TIP SYRINGE, DISPOSABLE, PRECISIONGLIDE NEEDLE",,"SYRINGE  10ML LL STERILE BD LUER-LOK TIP SYRINGE, DISPOSABLE, PRECISIONGLIDE NEEDLE",5/31/2029,MED-CONSUMABLES,400,1,400,P33563,10.1,1.52,$0.35 ,$139.72 ,$139.72 
ANON,BD-309642-20,"BD LUER-LOK TIP SYRINGE, DISPOSABLE, PRECISIONGLIDE NEEDLE",,"SYRINGE  10ML LL STERILE BD LUER-LOK TIP SYRINGE, DISPOSABLE, PRECISIONGLIDE NEEDLE",7/31/2029,MED-CONSUMABLES,400,1,400,P33544,10.1,1.52,$0.35 ,$139.72 ,$139.72 
ANON,BD-309642-20,"BD LUER-LOK TIP SYRINGE, DISPOSABLE, PRECISIONGLIDE NEEDLE",,"SYRINGE  10ML LL STERILE BD LUER-LOK TIP SYRINGE, DISPOSABLE, PRECISIONGLIDE NEEDLE",7/31/2029,MED-CONSUMABLES,400,1,400,P33557,10.1,1.52,$0.35 ,$139.72 ,$139.72 
ANON,BD-309642-20,"BD LUER-LOK TIP SYRINGE, DISPOSABLE, PRECISIONGLIDE NEEDLE",,"SYRINGE  10ML LL STERILE BD LUER-LOK TIP SYRINGE, DISPOSABLE, PRECISIONGLIDE NEEDLE",7/31/2029,MED-CONSUMABLES,400,1,400,P33565,10.1,1.52,$0.35 ,$139.72 ,$139.72 
ANON,BD-309642-20,"BD LUER-LOK TIP SYRINGE, DISPOSABLE, PRECISIONGLIDE NEEDLE",,"SYRINGE  10ML LL STERILE BD LUER-LOK TIP SYRINGE, DISPOSABLE, PRECISIONGLIDE NEEDLE",7/31/2029,MED-CONSUMABLES,400,1,400,P33566,10.1,1.52,$0.35 ,$139.72 ,$139.72 
ANON,BD-309657,SYRINGE 3ML LUER LOK S/C STERILE,,SYRINGE 3ML LUER LOK S/C STERILE,7/31/2029,MED-CONSUMABLES,800,1,800,P33554,8.7,1.46,$0.11 ,$89.36 ,$89.36 
ANON,BD-309657,SYRINGE 3ML LUER LOK S/C STERILE,,SYRINGE 3ML LUER LOK S/C STERILE,7/31/2029,MED-CONSUMABLES,800,1,800,P33555,8.7,1.46,$0.11 ,$89.36 ,$89.36 
ANON,BD-309580,"3 ML BD LUER-LOK SYRINGE WITH 18 G X 1 1/2 IN. BD PRECISIONGLIDE NEEDLE COMBINATION. REGULAR BEVEL, REGULAR WALL. (INDIVIDUAL ITEMS PACKAGED TOGETHER). DETACHABLE NEEDLE",,SYRINGE 3ML LL W/NDL 18X1-1/2 RB,8/31/2029,MED-CONSUMABLES,800,1,800,P33545,12.65,1.83,$0.18 ,$146.64 ,$146.64 
ANON,BD-309642-20,"BD LUER-LOK TIP SYRINGE, DISPOSABLE, PRECISIONGLIDE NEEDLE",,"SYRINGE  10ML LL STERILE BD LUER-LOK TIP SYRINGE, DISPOSABLE, PRECISIONGLIDE NEEDLE",8/31/2029,MED-CONSUMABLES,400,1,400,P33542,10.1,1.52,$0.35 ,$139.72 ,$139.72 
ANON,BD-309632,"5 ML BD LUER-LOK SYRINGE WITH 21 G X 1 IN. BD PRECISIONGLIDE NEEDLE, REGULAR BEVEL, REGULAR WALL. DETACHABLE NEEDLE",,SYRINGE 5ML LL W/NDL 21X1 RB,9/30/2029,MED-CONSUMABLES,400,1,400,P33567,8.2,1.52,$0.33 ,$131.48 ,$131.48 
ANON,BD-309642-20,"BD LUER-LOK TIP SYRINGE, DISPOSABLE, PRECISIONGLIDE NEEDLE",,"SYRINGE  10ML LL STERILE BD LUER-LOK TIP SYRINGE, DISPOSABLE, PRECISIONGLIDE NEEDLE",9/30/2029,MED-CONSUMABLES,400,1,400,P33560,10.1,1.52,$0.35 ,$139.72 ,$139.72 
ANON,BD-309642-20,"BD LUER-LOK TIP SYRINGE, DISPOSABLE, PRECISIONGLIDE NEEDLE",,"SYRINGE  10ML LL STERILE BD LUER-LOK TIP SYRINGE, DISPOSABLE, PRECISIONGLIDE NEEDLE",9/30/2029,MED-CONSUMABLES,400,1,400,P33561,10.1,1.52,$0.35 ,$139.72 ,$139.72 
ANON,BD-309653,SYRINGE 60ML LL TIP 1MLLATEX FREE CONFIGURE,,SYRINGE 60ML LL LATEX FREE CONFIGURE,10/31/2029,MED-CONSUMABLES,160,1,160,P33568,15.25,2.08,$0.69 ,$109.96 ,$109.96 
ANON,BD-302995,10 ML BD LUER-LOK TIP SYRINGE DISPOSABLE,,SYRINGE - 10ML - LUER LOCK,11/30/2029,MED-CONSUMABLES,400,1,400,P33553,8.95,1.13,$0.18 ,$72.16 ,$72.16 
PRODUCT-DRIVE,8137-0046-66E,BAND-AID SHEER COMFORT FLEX BANDAGES 3/4 X 3,,ADHESIVE BANDAGES,,MED-CONSUMABLES,1,"1,060","1,060",81150,0,0,$0.04 ,$40.55 ,$40.55 
REDBUBBLE,BC-ST323,BELLA CANVAS FACE COVER,,LIGHTWEIGHT FABRIC FACE COVER NOT A MEDICAL MASK SINGLE USE,,HYGIENE,1,360,360,P3415,0.01,0,$1.75 ,$630.00 ,$630.00 
REDBUBBLE,BC-ST323,BELLA CANVAS FACE COVER,,LIGHTWEIGHT FABRIC FACE COVER NOT A MEDICAL MASK SINGLE USE,,HYGIENE,1,"42,606","42,606",P3954,0.01,0,$1.75 ,"$74,560.50 ","$74,560.50 "
REDBUBBLE,BC-ST323,BELLA CANVAS FACE COVER,,LIGHTWEIGHT FABRIC FACE COVER NOT A MEDICAL MASK SINGLE USE,,HYGIENE,1,"39,060","39,060",P4434,0.01,0,$1.69 ,"$65,878.60 ","$65,878.60 "
ANON,GEN-EG-NITRILE-LG,EXAM GLOVES,,"NITRILE GLOVES, POWDER FREE, NON STERILE SIZE LARGE AMBIDEXTROUS ASST COLORS",,MED-CONSUMABLES,"1,000",30,"30,000",P32588,5,0.78,$0.07 ,"$2,100.00 ","$2,100.00 "
ANON,GEN-EG-NITRILE-LG,EXAM GLOVES,,"NITRILE GLOVES, POWDER FREE, NON STERILE SIZE LARGE AMBIDEXTROUS ASST COLORS",,MED-CONSUMABLES,"1,000",11,"11,000",P33319,5,0.78,$0.07 ,$770.00 ,$770.00 
ANON,GEN-EG-NITRILE-LG,EXAM GLOVES,,"NITRILE GLOVES, POWDER FREE, NON STERILE SIZE LARGE AMBIDEXTROUS ASST COLORS",,MED-CONSUMABLES,"1,000",70,"70,000",P33320,5,0.78,$0.07 ,"$4,900.00 ","$4,900.00 "
ANON,GEN-EG-NITRILE-MD,ASST BRANDS EXAM GLOVES,,"NITRILE EXAM GLOVES, POWDER FREE, NON STERILE SIZE MEDIUM AMBIDEXTROUS 100/CT",,MED-CONSUMABLES,"1,000",20,"20,000",P33322,14.2,0.78,$0.07 ,"$1,400.00 ","$1,400.00 "
ANON,GEN-EG-NITRILE-XL,ASST BRANDS EXAM GLOVES,,"NITRILE GLOVES, POWDER FREE, NON STERILE SIZE X-LARGE AMBIDEXTROUS ASST COLORS 100/CT",,MED-CONSUMABLES,"1,000",18,"18,000",P33321,15.3,0.78,$0.07 ,"$1,260.00 ","$1,260.00 "
HENRY SCHEIN,HS-139-8964,VIVA NITRILE EXAM GLOVES,,VIVA NITRILE EXAM GLOVES LARGE OCEAN BLUE NON-STERILE,,MED-CONSUMABLES,"1,000",56,"56,000",P32177,10,0.53,$0.27 ,"$15,120.00 ","$15,120.00 "
HENRY SCHEIN,HS-139-8965,VIVA NITRILE EXAM GLOVES,,VIVA NITRILE EXAM GLOVES X-LARGE OCEAN BLUE NON-STERILE,,MED-CONSUMABLES,"1,000",36,"36,000",P32169,10,0.53,$0.27 ,"$9,720.00 ","$9,720.00 "
HENRY SCHEIN,HS-139-8965,VIVA NITRILE EXAM GLOVES,,VIVA NITRILE EXAM GLOVES X-LARGE OCEAN BLUE NON-STERILE,,MED-CONSUMABLES,"1,000",55,"55,000",P32204,10,0.53,$0.27 ,"$14,850.00 ","$14,850.00 "
GEHA,OS-11870-TBS22,OPEN SEASON TOOTHBRUSHES 2022,,GEHA OPEN SEASON TOOTHBRUSH 2022,,HYGIENE,500,2,"1,000",P33334,16.8,1.29,$0.59 ,$590.00 ,$590.00 
